    INSERT INTO CATEGORIE (NOMCATEGORIE,LIBELLECATEGORIE)
    VALUES ('FIGURINES','nibh sit amet');
    INSERT INTO CATEGORIE (NOMCATEGORIE,LIBELLECATEGORIE)
    VALUES ('POSTERS','dictum sapien. Aenean');
    INSERT INTO CATEGORIE (NOMCATEGORIE,LIBELLECATEGORIE)
    VALUES ('PELUCHES','et magnis dis');

    INSERT INTO ARTICLE (IDARTICLE,NOMARTICLE,NOMCATEGORIE,PRIXARTICLE,PRIXPROMO,DESCRIPTION)
    VALUES (SEQ_ARTICLE.NEXTVAL,'article1','FIGURINES','1',45,'Une description par défaut');
    INSERT INTO ARTICLE (IDARTICLE,NOMARTICLE,NOMCATEGORIE,PRIXARTICLE,PRIXPROMO,DESCRIPTION)
    VALUES (SEQ_ARTICLE.NEXTVAL,'article2','FIGURINES','1',22,'Une description par défaut');
    INSERT INTO ARTICLE (IDARTICLE,NOMARTICLE,NOMCATEGORIE,PRIXARTICLE,PRIXPROMO,DESCRIPTION)
    VALUES (SEQ_ARTICLE.NEXTVAL,'article3','FIGURINES','1',48,'Une description par défaut');
    INSERT INTO ARTICLE (IDARTICLE,NOMARTICLE,NOMCATEGORIE,PRIXARTICLE,PRIXPROMO,DESCRIPTION)
    VALUES (SEQ_ARTICLE.NEXTVAL,'article4','FIGURINES','1',66,'Une description par défaut');
    INSERT INTO ARTICLE (IDARTICLE,NOMARTICLE,NOMCATEGORIE,PRIXARTICLE,PRIXPROMO,DESCRIPTION)
    VALUES (SEQ_ARTICLE.NEXTVAL,'article5','FIGURINES','1',68,'Une description par défaut');
    INSERT INTO ARTICLE (IDARTICLE,NOMARTICLE,NOMCATEGORIE,PRIXARTICLE,PRIXPROMO,DESCRIPTION)
    VALUES (SEQ_ARTICLE.NEXTVAL,'article6','FIGURINES','1',65,'Une description par défaut');
    INSERT INTO ARTICLE (IDARTICLE,NOMARTICLE,NOMCATEGORIE,PRIXARTICLE,PRIXPROMO,DESCRIPTION)
    VALUES (SEQ_ARTICLE.NEXTVAL,'article7','FIGURINES','1',49,'Une description par défaut');
    INSERT INTO ARTICLE (IDARTICLE,NOMARTICLE,NOMCATEGORIE,PRIXARTICLE,PRIXPROMO,DESCRIPTION)
    VALUES (SEQ_ARTICLE.NEXTVAL,'article8','FIGURINES','1',55,'Une description par défaut');
    INSERT INTO ARTICLE (IDARTICLE,NOMARTICLE,NOMCATEGORIE,PRIXARTICLE,PRIXPROMO,DESCRIPTION)
    VALUES (SEQ_ARTICLE.NEXTVAL,'article9','FIGURINES','1',47,'Une description par défaut');
    INSERT INTO ARTICLE (IDARTICLE,NOMARTICLE,NOMCATEGORIE,PRIXARTICLE,PRIXPROMO,DESCRIPTION)
    VALUES (SEQ_ARTICLE.NEXTVAL,'article10','FIGURINES','1',23,'Une description par défaut');
    INSERT INTO ARTICLE (IDARTICLE,NOMARTICLE,NOMCATEGORIE,PRIXARTICLE,PRIXPROMO,DESCRIPTION)
    VALUES (SEQ_ARTICLE.NEXTVAL,'article11','FIGURINES','1',22,'Une description par défaut');
    INSERT INTO ARTICLE (IDARTICLE,NOMARTICLE,NOMCATEGORIE,PRIXARTICLE,PRIXPROMO,DESCRIPTION)
    VALUES (SEQ_ARTICLE.NEXTVAL,'article12','FIGURINES','1',42,'Une description par défaut');
    INSERT INTO ARTICLE (IDARTICLE,NOMARTICLE,NOMCATEGORIE,PRIXARTICLE,PRIXPROMO,DESCRIPTION)
    VALUES (SEQ_ARTICLE.NEXTVAL,'article13','FIGURINES','1',57,'Une description par défaut');
    INSERT INTO ARTICLE (IDARTICLE,NOMARTICLE,NOMCATEGORIE,PRIXARTICLE,PRIXPROMO,DESCRIPTION)
    VALUES (SEQ_ARTICLE.NEXTVAL,'article14','FIGURINES','1',45,'Une description par défaut');
    INSERT INTO ARTICLE (IDARTICLE,NOMARTICLE,NOMCATEGORIE,PRIXARTICLE,PRIXPROMO,DESCRIPTION)
    VALUES (SEQ_ARTICLE.NEXTVAL,'article15','FIGURINES','1',49,'Une description par défaut');
    INSERT INTO ARTICLE (IDARTICLE,NOMARTICLE,NOMCATEGORIE,PRIXARTICLE,PRIXPROMO,DESCRIPTION)
    VALUES (SEQ_ARTICLE.NEXTVAL,'article16','FIGURINES','1',48,'Une description par défaut');
    INSERT INTO ARTICLE (IDARTICLE,NOMARTICLE,NOMCATEGORIE,PRIXARTICLE,PRIXPROMO,DESCRIPTION)
    VALUES (SEQ_ARTICLE.NEXTVAL,'article17','FIGURINES','1',31,'Une description par défaut');
    INSERT INTO ARTICLE (IDARTICLE,NOMARTICLE,NOMCATEGORIE,PRIXARTICLE,PRIXPROMO,DESCRIPTION)
    VALUES (SEQ_ARTICLE.NEXTVAL,'article18','FIGURINES','1',67,'Une description par défaut');
    INSERT INTO ARTICLE (IDARTICLE,NOMARTICLE,NOMCATEGORIE,PRIXARTICLE,PRIXPROMO,DESCRIPTION)
    VALUES (SEQ_ARTICLE.NEXTVAL,'article19','FIGURINES','1',44,'Une description par défaut');
    INSERT INTO ARTICLE (IDARTICLE,NOMARTICLE,NOMCATEGORIE,PRIXARTICLE,PRIXPROMO,DESCRIPTION)
    VALUES (SEQ_ARTICLE.NEXTVAL,'article20','FIGURINES','1',45,'Une description par défaut');
    INSERT INTO ARTICLE (IDARTICLE,NOMARTICLE,NOMCATEGORIE,PRIXARTICLE,PRIXPROMO,DESCRIPTION)
    VALUES (SEQ_ARTICLE.NEXTVAL,'article21','POSTERS','1',35,'Une description par défaut');
    INSERT INTO ARTICLE (IDARTICLE,NOMARTICLE,NOMCATEGORIE,PRIXARTICLE,PRIXPROMO,DESCRIPTION)
    VALUES (SEQ_ARTICLE.NEXTVAL,'article22','POSTERS','1',64,'Une description par défaut');
    INSERT INTO ARTICLE (IDARTICLE,NOMARTICLE,NOMCATEGORIE,PRIXARTICLE,PRIXPROMO,DESCRIPTION)
    VALUES (SEQ_ARTICLE.NEXTVAL,'article23','POSTERS','1',59,'Une description par défaut');
    INSERT INTO ARTICLE (IDARTICLE,NOMARTICLE,NOMCATEGORIE,PRIXARTICLE,PRIXPROMO,DESCRIPTION)
    VALUES (SEQ_ARTICLE.NEXTVAL,'article24','POSTERS','1',15,'Une description par défaut');
    INSERT INTO ARTICLE (IDARTICLE,NOMARTICLE,NOMCATEGORIE,PRIXARTICLE,PRIXPROMO,DESCRIPTION)
    VALUES (SEQ_ARTICLE.NEXTVAL,'article25','POSTERS','1',28,'Une description par défaut');
    INSERT INTO ARTICLE (IDARTICLE,NOMARTICLE,NOMCATEGORIE,PRIXARTICLE,PRIXPROMO,DESCRIPTION)
    VALUES (SEQ_ARTICLE.NEXTVAL,'article26','POSTERS','1',59,'Une description par défaut');
    INSERT INTO ARTICLE (IDARTICLE,NOMARTICLE,NOMCATEGORIE,PRIXARTICLE,PRIXPROMO,DESCRIPTION)
    VALUES (SEQ_ARTICLE.NEXTVAL,'article27','POSTERS','1',21,'Une description par défaut');
    INSERT INTO ARTICLE (IDARTICLE,NOMARTICLE,NOMCATEGORIE,PRIXARTICLE,PRIXPROMO,DESCRIPTION)
    VALUES (SEQ_ARTICLE.NEXTVAL,'article28','POSTERS','1',33,'Une description par défaut');
    INSERT INTO ARTICLE (IDARTICLE,NOMARTICLE,NOMCATEGORIE,PRIXARTICLE,PRIXPROMO,DESCRIPTION)
    VALUES (SEQ_ARTICLE.NEXTVAL,'article29','POSTERS','1',32,'Une description par défaut');
    INSERT INTO ARTICLE (IDARTICLE,NOMARTICLE,NOMCATEGORIE,PRIXARTICLE,PRIXPROMO,DESCRIPTION)
    VALUES (SEQ_ARTICLE.NEXTVAL,'article30','POSTERS','1',13,'Une description par défaut');
    INSERT INTO ARTICLE (IDARTICLE,NOMARTICLE,NOMCATEGORIE,PRIXARTICLE,PRIXPROMO,DESCRIPTION)
    VALUES (SEQ_ARTICLE.NEXTVAL,'article31','POSTERS','1',62,'Une description par défaut');
    INSERT INTO ARTICLE (IDARTICLE,NOMARTICLE,NOMCATEGORIE,PRIXARTICLE,PRIXPROMO,DESCRIPTION)
    VALUES (SEQ_ARTICLE.NEXTVAL,'article32','POSTERS','1',33,'Une description par défaut');
    INSERT INTO ARTICLE (IDARTICLE,NOMARTICLE,NOMCATEGORIE,PRIXARTICLE,PRIXPROMO,DESCRIPTION)
    VALUES (SEQ_ARTICLE.NEXTVAL,'article33','POSTERS','1',35,'Une description par défaut');
    INSERT INTO ARTICLE (IDARTICLE,NOMARTICLE,NOMCATEGORIE,PRIXARTICLE,PRIXPROMO,DESCRIPTION)
    VALUES (SEQ_ARTICLE.NEXTVAL,'article34','POSTERS','1',49,'Une description par défaut');
    INSERT INTO ARTICLE (IDARTICLE,NOMARTICLE,NOMCATEGORIE,PRIXARTICLE,PRIXPROMO,DESCRIPTION)
    VALUES (SEQ_ARTICLE.NEXTVAL,'article35','POSTERS','1',17,'Une description par défaut');
    INSERT INTO ARTICLE (IDARTICLE,NOMARTICLE,NOMCATEGORIE,PRIXARTICLE,PRIXPROMO,DESCRIPTION)
    VALUES (SEQ_ARTICLE.NEXTVAL,'article36','POSTERS','1',57,'Une description par défaut');
    INSERT INTO ARTICLE (IDARTICLE,NOMARTICLE,NOMCATEGORIE,PRIXARTICLE,PRIXPROMO,DESCRIPTION)
    VALUES (SEQ_ARTICLE.NEXTVAL,'article37','POSTERS','1',66,'Une description par défaut');
    INSERT INTO ARTICLE (IDARTICLE,NOMARTICLE,NOMCATEGORIE,PRIXARTICLE,PRIXPROMO,DESCRIPTION)
    VALUES (SEQ_ARTICLE.NEXTVAL,'article38','POSTERS','1',23,'Une description par défaut');
    INSERT INTO ARTICLE (IDARTICLE,NOMARTICLE,NOMCATEGORIE,PRIXARTICLE,PRIXPROMO,DESCRIPTION)
    VALUES (SEQ_ARTICLE.NEXTVAL,'article39','POSTERS','1',62,'Une description par défaut');
    INSERT INTO ARTICLE (IDARTICLE,NOMARTICLE,NOMCATEGORIE,PRIXARTICLE,PRIXPROMO,DESCRIPTION)
    VALUES (SEQ_ARTICLE.NEXTVAL,'article40','POSTERS','1',17,'Une description par défaut');
    INSERT INTO ARTICLE (IDARTICLE,NOMARTICLE,NOMCATEGORIE,PRIXARTICLE,PRIXPROMO,DESCRIPTION)
    VALUES (SEQ_ARTICLE.NEXTVAL,'article41','PELUCHES','1',11,'Une description par défaut');
    INSERT INTO ARTICLE (IDARTICLE,NOMARTICLE,NOMCATEGORIE,PRIXARTICLE,PRIXPROMO,DESCRIPTION)
    VALUES (SEQ_ARTICLE.NEXTVAL,'article42','PELUCHES','1',55,'Une description par défaut');
    INSERT INTO ARTICLE (IDARTICLE,NOMARTICLE,NOMCATEGORIE,PRIXARTICLE,PRIXPROMO,DESCRIPTION)
    VALUES (SEQ_ARTICLE.NEXTVAL,'article43','PELUCHES','1',69,'Une description par défaut');
    INSERT INTO ARTICLE (IDARTICLE,NOMARTICLE,NOMCATEGORIE,PRIXARTICLE,PRIXPROMO,DESCRIPTION)
    VALUES (SEQ_ARTICLE.NEXTVAL,'article44','PELUCHES','1',21,'Une description par défaut');
    INSERT INTO ARTICLE (IDARTICLE,NOMARTICLE,NOMCATEGORIE,PRIXARTICLE,PRIXPROMO,DESCRIPTION)
    VALUES (SEQ_ARTICLE.NEXTVAL,'article45','PELUCHES','1',22,'Une description par défaut');
    INSERT INTO ARTICLE (IDARTICLE,NOMARTICLE,NOMCATEGORIE,PRIXARTICLE,PRIXPROMO,DESCRIPTION)
    VALUES (SEQ_ARTICLE.NEXTVAL,'article46','PELUCHES','1',26,'Une description par défaut');
    INSERT INTO ARTICLE (IDARTICLE,NOMARTICLE,NOMCATEGORIE,PRIXARTICLE,PRIXPROMO,DESCRIPTION)
    VALUES (SEQ_ARTICLE.NEXTVAL,'article47','PELUCHES','1',66,'Une description par défaut');
    INSERT INTO ARTICLE (IDARTICLE,NOMARTICLE,NOMCATEGORIE,PRIXARTICLE,PRIXPROMO,DESCRIPTION)
    VALUES (SEQ_ARTICLE.NEXTVAL,'article48','PELUCHES','1',65,'Une description par défaut');
    INSERT INTO ARTICLE (IDARTICLE,NOMARTICLE,NOMCATEGORIE,PRIXARTICLE,PRIXPROMO,DESCRIPTION)
    VALUES (SEQ_ARTICLE.NEXTVAL,'article49','PELUCHES','1',36,'Une description par défaut');
    INSERT INTO ARTICLE (IDARTICLE,NOMARTICLE,NOMCATEGORIE,PRIXARTICLE,PRIXPROMO,DESCRIPTION)
    VALUES (SEQ_ARTICLE.NEXTVAL,'article50','PELUCHES','1',37,'Une description par défaut');

    INSERT INTO ACTEUR (IDACTEUR,NOMACTEUR,PRENOMACTEUR,ADRACTEUR,MAILACTEUR,MDPACTEUR,PREFLANGUE,PREFTHEME,PTSFIDELITECLIENT,PREFMONNAIE,ROLEACTEUR)
    VALUES (SEQ_ACTEUR.NEXTVAL,'Helen','Dyer','6125 Eu, Ave','dyer-helen1593@yahoo.edu','$2y$10$4UDV44TSBdC3EPFuvC0bCO8NKohRm.rOzsVzaOuW1EywB6G1wmuvi','EN','CLAIR',5,'DOL','Client');
    INSERT INTO ACTEUR (IDACTEUR,NOMACTEUR,PRENOMACTEUR,ADRACTEUR,MAILACTEUR,MDPACTEUR,PREFLANGUE,PREFTHEME,PTSFIDELITECLIENT,PREFMONNAIE,ROLEACTEUR)
    VALUES (SEQ_ACTEUR.NEXTVAL,'David','Heath','Ap #362-4568 Auctor Rd.','d_heath879@protonmail.couk','$2y$10$FMA5kcsWIPW9CnMUkG8JgOWk3pyvNaeKnETxDIj9UdP/5hojjXY/K','FR','CLAIR',10,'EUR','Client');
    INSERT INTO ACTEUR (IDACTEUR,NOMACTEUR,PRENOMACTEUR,ADRACTEUR,MAILACTEUR,MDPACTEUR,PREFLANGUE,PREFTHEME,PTSFIDELITECLIENT,PREFMONNAIE,ROLEACTEUR)
    VALUES (SEQ_ACTEUR.NEXTVAL,'Veronica','Langley','553-923 Fusce St.','l_veronica@icloud.org','$2y$10$ELwT7i2RleqhApvFQokkcOOBuDJqIirvw6A5yN4zZTl.bQe4aJa4S','EN','SOMBRE',15,'DOL','Client');
    INSERT INTO ACTEUR (IDACTEUR,NOMACTEUR,PRENOMACTEUR,ADRACTEUR,MAILACTEUR,MDPACTEUR,PREFLANGUE,PREFTHEME,PTSFIDELITECLIENT,PREFMONNAIE,ROLEACTEUR)
    VALUES (SEQ_ACTEUR.NEXTVAL,'Fitzgerald','Chavez','504-4633 Habitant Rd.','f-chavez5835@outlook.edu','$2y$10$Q.aUVQB4KaluNMxA7g3Ks..9zibjzasLbR/5PmJm.0fuEuank6CLe','FR','SOMBRE',20,'EUR','Client');
    INSERT INTO ACTEUR (IDACTEUR,NOMACTEUR,PRENOMACTEUR,ADRACTEUR,MAILACTEUR,MDPACTEUR,PREFLANGUE,PREFTHEME,PTSFIDELITECLIENT,PREFMONNAIE,ROLEACTEUR)
    VALUES (SEQ_ACTEUR.NEXTVAL,'Gabriel','Robbins','240-7843 Nec Ave','gabriel-robbins@icloud.ca','$2y$10$28w3Ycn/fp0hf4ysfzxjNuM2x3Mu99tk.xpjUNJwJnrmbWVszdrim','EN','SOMBRE',25,'DOL','Client');
    INSERT INTO ACTEUR (IDACTEUR,NOMACTEUR,PRENOMACTEUR,ADRACTEUR,MAILACTEUR,MDPACTEUR,PREFLANGUE,PREFTHEME,PTSFIDELITECLIENT,PREFMONNAIE,ROLEACTEUR)
    VALUES (SEQ_ACTEUR.NEXTVAL,'Kasimir','Townsend','565-1493 Nulla Avenue','kasimirtownsend4056@outlook.org','$2y$10$LVEqBRBqXLfPryO8UcKtieX5GJJrjv5P0R0Abmushy4q8Ur92gOMm','FR','SOMBRE',0,'EUR','Client');
    INSERT INTO ACTEUR (IDACTEUR,NOMACTEUR,PRENOMACTEUR,ADRACTEUR,MAILACTEUR,MDPACTEUR,PREFLANGUE,PREFTHEME,PTSFIDELITECLIENT,PREFMONNAIE,ROLEACTEUR)
    VALUES (SEQ_ACTEUR.NEXTVAL,'Cruz','Lucas','P.O. Box 632, 3669 Leo, Ave','c_lucas@google.org','$2y$10$EUif7JUH6cBp1lZZTGsL0Oyvc.4lPsp32k7gApAzrd1AcTxI.Wkva','EN','CLAIR',0,'DOL','Client');
    INSERT INTO ACTEUR (IDACTEUR,NOMACTEUR,PRENOMACTEUR,ADRACTEUR,MAILACTEUR,MDPACTEUR,PREFLANGUE,PREFTHEME,PTSFIDELITECLIENT,PREFMONNAIE,ROLEACTEUR)
    VALUES (SEQ_ACTEUR.NEXTVAL,'Maxwell','Chang','514-9111 Ut St.','m-chang1817@yahoo.com','$2y$10$ZSd/7Pl1xPyGk8diOsRb5.aCvQOrLiSkuu3ZKcpUGCgznYlW9GTvW','FR','SOMBRE',0,'EUR','Client');
    INSERT INTO ACTEUR (IDACTEUR,NOMACTEUR,PRENOMACTEUR,ADRACTEUR,MAILACTEUR,MDPACTEUR,PREFLANGUE,PREFTHEME,PTSFIDELITECLIENT,PREFMONNAIE,ROLEACTEUR)
    VALUES (SEQ_ACTEUR.NEXTVAL,'India','Daniels','Ap #498-7002 Suspendisse Street','idaniels@protonmail.net','$2y$10$myRTvz//fxY89g5Bo/FvP./y5E0NGJS7a68hgKyXBDU6HkrvmEQta','FR','SOMBRE',0,'DOL','Client');
    INSERT INTO ACTEUR (IDACTEUR,NOMACTEUR,PRENOMACTEUR,ADRACTEUR,MAILACTEUR,MDPACTEUR,PREFLANGUE,PREFTHEME,PTSFIDELITECLIENT,PREFMONNAIE,ROLEACTEUR)
    VALUES (SEQ_ACTEUR.NEXTVAL,'Colton','Sanford','2042 Tellus. Rd.','s_colton@protonmail.couk','$2y$10$6bUTDE9Mn9q92XARUBS97ewg5KtS2zqLCDmhitGeTX0tAL8rCV/p6','FR','SOMBRE',0,'EUR','Client');
    INSERT INTO ACTEUR (IDACTEUR,NOMACTEUR,PRENOMACTEUR,ADRACTEUR,MAILACTEUR,MDPACTEUR,PREFLANGUE,PREFTHEME,PTSFIDELITECLIENT,PREFMONNAIE,ROLEACTEUR)
    VALUES (SEQ_ACTEUR.NEXTVAL,'Illiana','Banks','Ap #254-5929 Eu St.','b-illiana@icloud.org','$2y$10$BpecIxdaeJcOE8rofGbace/P7VPvt8gKZ41B.jxKydjYSH1Gtzjrq','FR','CLAIR',0,'DOL','Client');
    INSERT INTO ACTEUR (IDACTEUR,NOMACTEUR,PRENOMACTEUR,ADRACTEUR,MAILACTEUR,MDPACTEUR,PREFLANGUE,PREFTHEME,PTSFIDELITECLIENT,PREFMONNAIE,ROLEACTEUR)
    VALUES (SEQ_ACTEUR.NEXTVAL,'Tad','Barnes','931-4778 Nec, Street','btad@google.couk','$2y$10$n5miCZjZ9j6snqE2B5t41utkfzPs1s7qBwRiBLxT7Q3HJpU005CF2','EN','CLAIR',0,'EUR','Client');
    INSERT INTO ACTEUR (IDACTEUR,NOMACTEUR,PRENOMACTEUR,ADRACTEUR,MAILACTEUR,MDPACTEUR,PREFLANGUE,PREFTHEME,PTSFIDELITECLIENT,PREFMONNAIE,ROLEACTEUR)
    VALUES (SEQ_ACTEUR.NEXTVAL,'Shelly','Rowland','P.O. Box 512, 4630 Nunc Rd.','s-rowland@yahoo.ca','$2y$10$qfJuLcG3GdgDRRbSeN5bkO0iyaMqP6hqAmHfFpDAtlzruv9.3TXCC','EN','CLAIR',0,'DOL','Client');
    INSERT INTO ACTEUR (IDACTEUR,NOMACTEUR,PRENOMACTEUR,ADRACTEUR,MAILACTEUR,MDPACTEUR,PREFLANGUE,PREFTHEME,PTSFIDELITECLIENT,PREFMONNAIE,ROLEACTEUR)
    VALUES (SEQ_ACTEUR.NEXTVAL,'Jeanette','Lamb','P.O. Box 246, 3355 Lorem St.','j.lamb416@google.net','$2y$10$nbOPtBG.p6/Us0WZU/WbBuHBErB6zssr0DnCoznbt052Lbc2Ckz9y','EN','SOMBRE',0,'EUR','Client');
    INSERT INTO ACTEUR (IDACTEUR,NOMACTEUR,PRENOMACTEUR,ADRACTEUR,MAILACTEUR,MDPACTEUR,PREFLANGUE,PREFTHEME,PTSFIDELITECLIENT,PREFMONNAIE,ROLEACTEUR)
    VALUES (SEQ_ACTEUR.NEXTVAL,'Yeo','Hendricks','Ap #324-2677 Diam St.','hendricks_yeo9630@hotmail.edu','$2y$10$jlz5rQgyccPpMwhGmFWAM.H38gMXOv8hXjyFOLe0h0teyEch5u042','FR','SOMBRE',0,'DOL','Client');
    INSERT INTO ACTEUR (IDACTEUR,NOMACTEUR,PRENOMACTEUR,ADRACTEUR,MAILACTEUR,MDPACTEUR,PREFLANGUE,PREFTHEME,PTSFIDELITECLIENT,PREFMONNAIE,ROLEACTEUR)
    VALUES (SEQ_ACTEUR.NEXTVAL,'Justin','Keith','Ap #904-758 Erat St.','justinkeith@icloud.couk','$2y$10$AF0vU.JWvgHhsdJRba.F4usz7377IyLaN3r9Xot1uoSy0DD7ZKHHW','EN','SOMBRE',0,'EUR','Client');
    INSERT INTO ACTEUR (IDACTEUR,NOMACTEUR,PRENOMACTEUR,ADRACTEUR,MAILACTEUR,MDPACTEUR,PREFLANGUE,PREFTHEME,PTSFIDELITECLIENT,PREFMONNAIE,ROLEACTEUR)
    VALUES (SEQ_ACTEUR.NEXTVAL,'Francesca','Mercado','P.O. Box 242, 8506 Luctus. Avenue','f_mercado@hotmail.ca','$2y$10$/jNVMdQmhOLTVsTX3NopiOEl.3KxVIGt61atwnFzlwMSuNJR/Rezi','FR','SOMBRE',0,'DOL','Client');
    INSERT INTO ACTEUR (IDACTEUR,NOMACTEUR,PRENOMACTEUR,ADRACTEUR,MAILACTEUR,MDPACTEUR,PREFLANGUE,PREFTHEME,PTSFIDELITECLIENT,PREFMONNAIE,ROLEACTEUR)
    VALUES (SEQ_ACTEUR.NEXTVAL,'Gregory','Hendricks','838-1914 Ac St.','g.hendricks4387@yahoo.ca','$2y$10$oz7T8l28Pop.argDhnSYQu8dRqz9QIFdHkqM58KqbB9tW8K9VKcbu','FR','SOMBRE',0,'EUR','Client');
    INSERT INTO ACTEUR (IDACTEUR,NOMACTEUR,PRENOMACTEUR,ADRACTEUR,MAILACTEUR,MDPACTEUR,PREFLANGUE,PREFTHEME,PTSFIDELITECLIENT,PREFMONNAIE,ROLEACTEUR)
    VALUES (SEQ_ACTEUR.NEXTVAL,'Dante','Hogan','Ap #619-9710 Proin St.','dante.hogan9544@icloud.couk','$2y$10$PPuIM.4m8mHb94M.wkx.Pui0I7mxyHCfLeNJa1JuX8MDtcn5GC0Gu','EN','SOMBRE',0,'DOL','Client');
    INSERT INTO ACTEUR (IDACTEUR,NOMACTEUR,PRENOMACTEUR,ADRACTEUR,MAILACTEUR,MDPACTEUR,PREFLANGUE,PREFTHEME,PTSFIDELITECLIENT,PREFMONNAIE,ROLEACTEUR)
    VALUES (SEQ_ACTEUR.NEXTVAL,'Tanisha','Cooley','Ap #419-2167 A, St.','t-cooley@google.ca','$2y$10$rhO4.c6fQ1hXh4E0Lw7FieyMaG3n6yCyhkKL4GLiUUUluojlSHOAO','FR','SOMBRE',0,'EUR','Client');
    INSERT INTO ACTEUR (IDACTEUR,NOMACTEUR,PRENOMACTEUR,ADRACTEUR,MAILACTEUR,MDPACTEUR,PREFLANGUE,PREFTHEME,PTSFIDELITECLIENT,PREFMONNAIE,ROLEACTEUR)
    VALUES (SEQ_ACTEUR.NEXTVAL,'Ria','Burke','P.O. Box 884, 6719 Vulputate Ave','burke-ria6321@protonmail.edu','$2y$10$eoh6TefpOPS8MjXwucoHNO0DQXezHMdOUHyyMEcyhbv2WHh6GPPya','EN','CLAIR',0,'DOL','Client');
    INSERT INTO ACTEUR (IDACTEUR,NOMACTEUR,PRENOMACTEUR,ADRACTEUR,MAILACTEUR,MDPACTEUR,PREFLANGUE,PREFTHEME,PTSFIDELITECLIENT,PREFMONNAIE,ROLEACTEUR)
    VALUES (SEQ_ACTEUR.NEXTVAL,'Ayanna','Bean','4113 Facilisis St.','ayannabean5674@outlook.edu','$2y$10$019fWKzQ5RK0Q7BeQ7EQauzzhcbBic1Wo/eC7pRQCFd/TorIWCrf6','FR','SOMBRE',0,'EUR','Client');
    INSERT INTO ACTEUR (IDACTEUR,NOMACTEUR,PRENOMACTEUR,ADRACTEUR,MAILACTEUR,MDPACTEUR,PREFLANGUE,PREFTHEME,PTSFIDELITECLIENT,PREFMONNAIE,ROLEACTEUR)
    VALUES (SEQ_ACTEUR.NEXTVAL,'Kuame','Gamble','539-9117 Justo Avenue','gamble-kuame8242@icloud.org','$2y$10$2VVnEzwzLXotQDQwov65P.d1ANY8JYlsq0dT8aJBKV35akiLJFFOu','FR','SOMBRE',0,'DOL','Client');
    INSERT INTO ACTEUR (IDACTEUR,NOMACTEUR,PRENOMACTEUR,ADRACTEUR,MAILACTEUR,MDPACTEUR,PREFLANGUE,PREFTHEME,PTSFIDELITECLIENT,PREFMONNAIE,ROLEACTEUR)
    VALUES (SEQ_ACTEUR.NEXTVAL,'Maxwell','Workman','P.O. Box 269, 232 Nunc Ave','workman.maxwell@yahoo.edu','$2y$10$fs8LmaINGJMVc.yqr/iO8O/N1C96Voh.klB1Ddy/UNHK7hLyBc.we','FR','SOMBRE',0,'EUR','Client');
    INSERT INTO ACTEUR (IDACTEUR,NOMACTEUR,PRENOMACTEUR,ADRACTEUR,MAILACTEUR,MDPACTEUR,PREFLANGUE,PREFTHEME,PTSFIDELITECLIENT,PREFMONNAIE,ROLEACTEUR)
    VALUES (SEQ_ACTEUR.NEXTVAL,'Indira','Peck','546-5383 Ullamcorper, St.','p-indira9941@yahoo.edu','$2y$10$y2.ZxpDTexeivkp4hMU20OTOOKMkkGyzbmvOEqKFif9irJx6.pGpm','FR','SOMBRE',0,'DOL','Client');
    INSERT INTO ACTEUR (IDACTEUR,NOMACTEUR,PRENOMACTEUR,ADRACTEUR,MAILACTEUR,MDPACTEUR,PREFLANGUE,PREFTHEME,PTSFIDELITECLIENT,PREFMONNAIE,ROLEACTEUR)
    VALUES (SEQ_ACTEUR.NEXTVAL,'Solomon','Goff','Ap #709-4713 Mauris Av.','goffsolomon5520@protonmail.ca','$2y$10$Uy/UkAqGMMmTdpFyGWx37unl814/xi21S9wxCUhrsrZLBJ2eIUnQq','FR','SOMBRE',5,'EUR','Artiste');
    INSERT INTO ACTEUR (IDACTEUR,NOMACTEUR,PRENOMACTEUR,ADRACTEUR,MAILACTEUR,MDPACTEUR,PREFLANGUE,PREFTHEME,PTSFIDELITECLIENT,PREFMONNAIE,ROLEACTEUR)
    VALUES (SEQ_ACTEUR.NEXTVAL,'Cody','Rodriquez','Ap #498-1811 A St.','r_cody808@aol.edu','$2y$10$yyRkCzUV1daQF0acLqD6puwvDkC/BTpU2vNi6aeVt1yvyBSvaTnTW','FR','SOMBRE',10,'DOL','Artiste');
    INSERT INTO ACTEUR (IDACTEUR,NOMACTEUR,PRENOMACTEUR,ADRACTEUR,MAILACTEUR,MDPACTEUR,PREFLANGUE,PREFTHEME,PTSFIDELITECLIENT,PREFMONNAIE,ROLEACTEUR)
    VALUES (SEQ_ACTEUR.NEXTVAL,'Porter','Downs','P.O. Box 119, 8686 Egestas St.','p.downs1379@icloud.couk','$2y$10$Cj2JBi/E77BNWPbMXK7esenZiRmp1XD71IG6eSHlFXtQOmVoE0fT6','EN','CLAIR',15,'EUR','Artiste');
    INSERT INTO ACTEUR (IDACTEUR,NOMACTEUR,PRENOMACTEUR,ADRACTEUR,MAILACTEUR,MDPACTEUR,PREFLANGUE,PREFTHEME,PTSFIDELITECLIENT,PREFMONNAIE,ROLEACTEUR)
    VALUES (SEQ_ACTEUR.NEXTVAL,'Driscoll','Allen','910-539 Duis Avenue','driscoll_allen@yahoo.org','$2y$10$zJkkfEjojgH7X8eLS3eWa.TytbTx2zVm6ky0FPUUIES7nvNI93JoO','EN','SOMBRE',20,'DOL','Artiste');
    INSERT INTO ACTEUR (IDACTEUR,NOMACTEUR,PRENOMACTEUR,ADRACTEUR,MAILACTEUR,MDPACTEUR,PREFLANGUE,PREFTHEME,PTSFIDELITECLIENT,PREFMONNAIE,ROLEACTEUR)
    VALUES (SEQ_ACTEUR.NEXTVAL,'Gray','Hutchinson','Ap #220-4826 Cursus. St.','grayhutchinson1894@google.edu','$2y$10$c86LbK8MvQbDfebR27ENPuK5y0xbaHFHrRyJJZ4oW5zQ6WvQ1E/yq','FR','SOMBRE',25,'EUR','Artiste');
    INSERT INTO ACTEUR (IDACTEUR,NOMACTEUR,PRENOMACTEUR,ADRACTEUR,MAILACTEUR,MDPACTEUR,PREFLANGUE,PREFTHEME,PTSFIDELITECLIENT,PREFMONNAIE,ROLEACTEUR)
    VALUES (SEQ_ACTEUR.NEXTVAL,'Rudyard','Woodward','970-4678 Ut Rd.','woodwardrudyard@outlook.org','$2y$10$ToMXlPGLDRI8tQ4EfNuu6ex/00KjGji3gN1DsggxShQshEXqYrXIe','EN','CLAIR',0,'DOL','Artiste');
    INSERT INTO ACTEUR (IDACTEUR,NOMACTEUR,PRENOMACTEUR,ADRACTEUR,MAILACTEUR,MDPACTEUR,PREFLANGUE,PREFTHEME,PTSFIDELITECLIENT,PREFMONNAIE,ROLEACTEUR)
    VALUES (SEQ_ACTEUR.NEXTVAL,'Chastity','Salas','696-8551 At Rd.','salas-chastity6553@hotmail.org','$2y$10$NRk2wQP1uwL5Q4pxdQzfpeI4rwOJUoBR6uB7upLcrA56JqjMs.JWq','EN','CLAIR',0,'EUR','Artiste');
    INSERT INTO ACTEUR (IDACTEUR,NOMACTEUR,PRENOMACTEUR,ADRACTEUR,MAILACTEUR,MDPACTEUR,PREFLANGUE,PREFTHEME,PTSFIDELITECLIENT,PREFMONNAIE,ROLEACTEUR)
    VALUES (SEQ_ACTEUR.NEXTVAL,'Roth','Mullins','Ap #165-7161 Amet St.','m-roth@icloud.edu','$2y$10$BdVsX8GNRXnzVQXMZpxK6Opvl6z26rIQOUhDnJj30sFhdfAhEGtv6','EN','SOMBRE',0,'DOL','Artiste');
    INSERT INTO ACTEUR (IDACTEUR,NOMACTEUR,PRENOMACTEUR,ADRACTEUR,MAILACTEUR,MDPACTEUR,PREFLANGUE,PREFTHEME,PTSFIDELITECLIENT,PREFMONNAIE,ROLEACTEUR)
    VALUES (SEQ_ACTEUR.NEXTVAL,'Oscar','Sykes','627-1994 Magna Av.','oscar_sykes4249@aol.ca','$2y$10$7u9x7N6wamOGZl9/tBaJPuHatcCs9ZzSZWAz/8gCzY3Vdmw6tmRN6','FR','SOMBRE',0,'EUR','Artiste');
    INSERT INTO ACTEUR (IDACTEUR,NOMACTEUR,PRENOMACTEUR,ADRACTEUR,MAILACTEUR,MDPACTEUR,PREFLANGUE,PREFTHEME,PTSFIDELITECLIENT,PREFMONNAIE,ROLEACTEUR)
    VALUES (SEQ_ACTEUR.NEXTVAL,'Indigo','Vaughn','Ap #115-2213 Nulla Ave','indigo-vaughn4370@outlook.net','$2y$10$z2R7611ZMsb./oCrpPSmouTbhSoR6z8Het7u/GSD3fJ/UuEPLP9dm','EN','CLAIR',0,'DOL','Artiste');
    INSERT INTO ACTEUR (IDACTEUR,NOMACTEUR,PRENOMACTEUR,ADRACTEUR,MAILACTEUR,MDPACTEUR,PREFLANGUE,PREFTHEME,PTSFIDELITECLIENT,PREFMONNAIE,ROLEACTEUR)
    VALUES (SEQ_ACTEUR.NEXTVAL,'Jasper','Hobbs','Ap #856-8579 Justo. Rd.','hjasper8219@outlook.ca','$2y$10$MRKt8OsaP28og82PTZczyOKcbkKMIdIq1E95jQma0.O7y3OpydQ5q','EN','CLAIR',0,'EUR','Artiste');
    INSERT INTO ACTEUR (IDACTEUR,NOMACTEUR,PRENOMACTEUR,ADRACTEUR,MAILACTEUR,MDPACTEUR,PREFLANGUE,PREFTHEME,PTSFIDELITECLIENT,PREFMONNAIE,ROLEACTEUR)
    VALUES (SEQ_ACTEUR.NEXTVAL,'Willow','Parrish','975-1235 Est Rd.','parrish.willow6059@hotmail.edu','$2y$10$4EtT7GEDtc3ixW5FLYA8nOA46s1g.VxmEKaxA5M/dIw/g6tg4ZwKm','FR','SOMBRE',0,'DOL','Artiste');
    INSERT INTO ACTEUR (IDACTEUR,NOMACTEUR,PRENOMACTEUR,ADRACTEUR,MAILACTEUR,MDPACTEUR,PREFLANGUE,PREFTHEME,PTSFIDELITECLIENT,PREFMONNAIE,ROLEACTEUR)
    VALUES (SEQ_ACTEUR.NEXTVAL,'Hillary','Brennan','2113 Fringilla St.','bhillary7147@aol.net','$2y$10$9skRWCgxTgbah6bLd/9fuuGFcgcNYdhki1QXAbjGfGkZnYLCenvJO','FR','CLAIR',0,'EUR','Artiste');
    INSERT INTO ACTEUR (IDACTEUR,NOMACTEUR,PRENOMACTEUR,ADRACTEUR,MAILACTEUR,MDPACTEUR,PREFLANGUE,PREFTHEME,PTSFIDELITECLIENT,PREFMONNAIE,ROLEACTEUR)
    VALUES (SEQ_ACTEUR.NEXTVAL,'Yasir','Hutchinson','654-1208 Quisque Rd.','yasir-hutchinson8649@protonmail.edu','$2y$10$t3tPLn2f7yhFuaYWKtCRougxHw7TG1w3ckAEFajpOaYyMFmCKSOv.','EN','SOMBRE',0,'DOL','Artiste');
    INSERT INTO ACTEUR (IDACTEUR,NOMACTEUR,PRENOMACTEUR,ADRACTEUR,MAILACTEUR,MDPACTEUR,PREFLANGUE,PREFTHEME,PTSFIDELITECLIENT,PREFMONNAIE,ROLEACTEUR)
    VALUES (SEQ_ACTEUR.NEXTVAL,'Deirdre','Bird','638 Feugiat. Street','bird_deirdre@hotmail.ca','$2y$10$lIkkAUqjOnDUkswuS6GYAOH5E/i0Hmf6XPWJQnWSDQtE6b22KWJTG','FR','SOMBRE',0,'EUR','Artiste');
    INSERT INTO ACTEUR (IDACTEUR,NOMACTEUR,PRENOMACTEUR,ADRACTEUR,MAILACTEUR,MDPACTEUR,PREFLANGUE,PREFTHEME,PTSFIDELITECLIENT,PREFMONNAIE,ROLEACTEUR)
    VALUES (SEQ_ACTEUR.NEXTVAL,'Wallace','Henson','832-1194 Aliquam Rd.','hensonwallace@hotmail.edu','$2y$10$3O9o4LYnrT3iYYyRu9FVNuJHMGLAQoVYxatZTQq7XSYXh5ExUubw.','EN','CLAIR',0,'DOL','Artiste');
    INSERT INTO ACTEUR (IDACTEUR,NOMACTEUR,PRENOMACTEUR,ADRACTEUR,MAILACTEUR,MDPACTEUR,PREFLANGUE,PREFTHEME,PTSFIDELITECLIENT,PREFMONNAIE,ROLEACTEUR)
    VALUES (SEQ_ACTEUR.NEXTVAL,'Kadeem','Michael','551-1819 Suscipit, Rd.','kmichael@google.couk','$2y$10$W/ru9tX7aIgtvK9TK76wkexg0zndbeR6WG7PE0Imulv9ONiRkw80G','FR','SOMBRE',0,'EUR','Artiste');
    INSERT INTO ACTEUR (IDACTEUR,NOMACTEUR,PRENOMACTEUR,ADRACTEUR,MAILACTEUR,MDPACTEUR,PREFLANGUE,PREFTHEME,PTSFIDELITECLIENT,PREFMONNAIE,ROLEACTEUR)
    VALUES (SEQ_ACTEUR.NEXTVAL,'Arthur','Middleton','848-5034 Vitae Rd.','middletonarthur8264@outlook.edu','$2y$10$h2cHh4Ahepx9yV0JSuscKOjdxgxThpICQw662Ujzb0XAy.w1/kGnW','FR','CLAIR',0,'DOL','Artiste');
    INSERT INTO ACTEUR (IDACTEUR,NOMACTEUR,PRENOMACTEUR,ADRACTEUR,MAILACTEUR,MDPACTEUR,PREFLANGUE,PREFTHEME,PTSFIDELITECLIENT,PREFMONNAIE,ROLEACTEUR)
    VALUES (SEQ_ACTEUR.NEXTVAL,'Noah','Swanson','895-3465 Ipsum Street','n.swanson@hotmail.couk','$2y$10$AI3nmzy.RFEPeXxFlXmjquKn.Cw3284yKMfIGOol8Iqm1RVcrw06i','FR','CLAIR',0,'EUR','Artiste');
    INSERT INTO ACTEUR (IDACTEUR,NOMACTEUR,PRENOMACTEUR,ADRACTEUR,MAILACTEUR,MDPACTEUR,PREFLANGUE,PREFTHEME,PTSFIDELITECLIENT,PREFMONNAIE,ROLEACTEUR)
    VALUES (SEQ_ACTEUR.NEXTVAL,'Leonard','Mcguire','244-5819 Sed Rd.','mcguire-leonard@google.net','$2y$10$9jO0ooQ/A02wuDREpNvHkukPsbGIqTZLIuvmWL5zYJE68bHmA9EvG','EN','SOMBRE',0,'DOL','Artiste');
    INSERT INTO ACTEUR (IDACTEUR,NOMACTEUR,PRENOMACTEUR,ADRACTEUR,MAILACTEUR,MDPACTEUR,PREFLANGUE,PREFTHEME,PTSFIDELITECLIENT,PREFMONNAIE,ROLEACTEUR)
    VALUES (SEQ_ACTEUR.NEXTVAL,'Jerry','Eaton','305-8001 Nibh. Avenue','e.jerry2777@yahoo.ca','$2y$10$gV/P3UlR89yGUZ/zvRJNPOz5aGG8kTBKsUYIUN/.77b7SsB2IrAGC','FR','CLAIR',0,'EUR','Artiste');
    INSERT INTO ACTEUR (IDACTEUR,NOMACTEUR,PRENOMACTEUR,ADRACTEUR,MAILACTEUR,MDPACTEUR,PREFLANGUE,PREFTHEME,PTSFIDELITECLIENT,PREFMONNAIE,ROLEACTEUR)
    VALUES (SEQ_ACTEUR.NEXTVAL,'Axel','Wilkins','2479 Lacinia Road','waxel@protonmail.org','$2y$10$Lm3MCi7yV0mAsq4u6X72Fei.vGbPKcq5qKWwcMUu9euOLnB/a4dYq','FR','CLAIR',0,'DOL','Artiste');
    INSERT INTO ACTEUR (IDACTEUR,NOMACTEUR,PRENOMACTEUR,ADRACTEUR,MAILACTEUR,MDPACTEUR,PREFLANGUE,PREFTHEME,PTSFIDELITECLIENT,PREFMONNAIE,ROLEACTEUR)
    VALUES (SEQ_ACTEUR.NEXTVAL,'Davis','Daniel','P.O. Box 786, 6475 Sed, Street','d.davis@outlook.couk','$2y$10$b01FYhP9sXiB2RHshmqaUeAk3Ir9CuZpq4XBUDhFcZ3UxvxUositS','EN','CLAIR',0,'EUR','Artiste');
    INSERT INTO ACTEUR (IDACTEUR,NOMACTEUR,PRENOMACTEUR,ADRACTEUR,MAILACTEUR,MDPACTEUR,PREFLANGUE,PREFTHEME,PTSFIDELITECLIENT,PREFMONNAIE,ROLEACTEUR)
    VALUES (SEQ_ACTEUR.NEXTVAL,'Bevis','Wells','Ap #978-6141 Sed Street','wells-bevis496@outlook.net','$2y$10$VfxGNST7N.TdNw50m8UaYeyT5yCRu086Js1F.UYs1fhUMgqkPx8My','FR','CLAIR',0,'DOL','Artiste');
    INSERT INTO ACTEUR (IDACTEUR,NOMACTEUR,PRENOMACTEUR,ADRACTEUR,MAILACTEUR,MDPACTEUR,PREFLANGUE,PREFTHEME,PTSFIDELITECLIENT,PREFMONNAIE,ROLEACTEUR)
    VALUES (SEQ_ACTEUR.NEXTVAL,'Ramona','Holt','Ap #766-410 Natoque Av.','holt-ramona@icloud.com','$2y$10$p4W4rGwFPS9urSEIQbjG/OGYkNLktVEVxvWBu8u8W16BoSkWPAVnC','FR','CLAIR',0,'EUR','Artiste');
    INSERT INTO ACTEUR (IDACTEUR,NOMACTEUR,PRENOMACTEUR,ADRACTEUR,MAILACTEUR,MDPACTEUR,PREFLANGUE,PREFTHEME,PTSFIDELITECLIENT,PREFMONNAIE,ROLEACTEUR)
    VALUES (SEQ_ACTEUR.NEXTVAL,'Pierre','Jean','locaux Art-I-Chaud.e','jean.pierre@gmail.com','$2y$10$A4r38dJCUyvktnhpaIoAUuU54OR8NCfJMmXaceyeUV9rir.Okoxce','FR','SOMBRE',0,'EUR','Admin');

    INSERT INTO PAIEMENT (NUMPAIEMENT,SUPPORTPAIEMENT)
    VALUES (SEQ_PAIEMENT.NEXTVAL,'M');
    INSERT INTO PAIEMENT (NUMPAIEMENT,SUPPORTPAIEMENT)
    VALUES (SEQ_PAIEMENT.NEXTVAL,'M');
    INSERT INTO PAIEMENT (NUMPAIEMENT,SUPPORTPAIEMENT)
    VALUES (SEQ_PAIEMENT.NEXTVAL,'M');
    INSERT INTO PAIEMENT (NUMPAIEMENT,SUPPORTPAIEMENT)
    VALUES (SEQ_PAIEMENT.NEXTVAL,'M');
    INSERT INTO PAIEMENT (NUMPAIEMENT,SUPPORTPAIEMENT)
    VALUES (SEQ_PAIEMENT.NEXTVAL,'M');
    INSERT INTO PAIEMENT (NUMPAIEMENT,SUPPORTPAIEMENT)
    VALUES (SEQ_PAIEMENT.NEXTVAL,'M');
    INSERT INTO PAIEMENT (NUMPAIEMENT,SUPPORTPAIEMENT)
    VALUES (SEQ_PAIEMENT.NEXTVAL,'M');
    INSERT INTO PAIEMENT (NUMPAIEMENT,SUPPORTPAIEMENT)
    VALUES (SEQ_PAIEMENT.NEXTVAL,'M');
    INSERT INTO PAIEMENT (NUMPAIEMENT,SUPPORTPAIEMENT)
    VALUES (SEQ_PAIEMENT.NEXTVAL,'M');
    INSERT INTO PAIEMENT (NUMPAIEMENT,SUPPORTPAIEMENT)
    VALUES (SEQ_PAIEMENT.NEXTVAL,'M');
    INSERT INTO PAIEMENT (NUMPAIEMENT,SUPPORTPAIEMENT)
    VALUES (SEQ_PAIEMENT.NEXTVAL,'B');
    INSERT INTO PAIEMENT (NUMPAIEMENT,SUPPORTPAIEMENT)
    VALUES (SEQ_PAIEMENT.NEXTVAL,'M');
    INSERT INTO PAIEMENT (NUMPAIEMENT,SUPPORTPAIEMENT)
    VALUES (SEQ_PAIEMENT.NEXTVAL,'E');
    INSERT INTO PAIEMENT (NUMPAIEMENT,SUPPORTPAIEMENT)
    VALUES (SEQ_PAIEMENT.NEXTVAL,'E');
    INSERT INTO PAIEMENT (NUMPAIEMENT,SUPPORTPAIEMENT)
    VALUES (SEQ_PAIEMENT.NEXTVAL,'B');
    INSERT INTO PAIEMENT (NUMPAIEMENT,SUPPORTPAIEMENT)
    VALUES (SEQ_PAIEMENT.NEXTVAL,'B');
    INSERT INTO PAIEMENT (NUMPAIEMENT,SUPPORTPAIEMENT)
    VALUES (SEQ_PAIEMENT.NEXTVAL,'B');
    INSERT INTO PAIEMENT (NUMPAIEMENT,SUPPORTPAIEMENT)
    VALUES (SEQ_PAIEMENT.NEXTVAL,'M');
    INSERT INTO PAIEMENT (NUMPAIEMENT,SUPPORTPAIEMENT)
    VALUES (SEQ_PAIEMENT.NEXTVAL,'M');
    INSERT INTO PAIEMENT (NUMPAIEMENT,SUPPORTPAIEMENT)
    VALUES (SEQ_PAIEMENT.NEXTVAL,'E');
    INSERT INTO PAIEMENT (NUMPAIEMENT,SUPPORTPAIEMENT)
    VALUES (SEQ_PAIEMENT.NEXTVAL,'V');
    INSERT INTO PAIEMENT (NUMPAIEMENT,SUPPORTPAIEMENT)
    VALUES (SEQ_PAIEMENT.NEXTVAL,'B');
    INSERT INTO PAIEMENT (NUMPAIEMENT,SUPPORTPAIEMENT)
    VALUES (SEQ_PAIEMENT.NEXTVAL,'V');
    INSERT INTO PAIEMENT (NUMPAIEMENT,SUPPORTPAIEMENT)
    VALUES (SEQ_PAIEMENT.NEXTVAL,'V');
    INSERT INTO PAIEMENT (NUMPAIEMENT,SUPPORTPAIEMENT)
    VALUES (SEQ_PAIEMENT.NEXTVAL,'B');
    INSERT INTO PAIEMENT (NUMPAIEMENT,SUPPORTPAIEMENT)
    VALUES (SEQ_PAIEMENT.NEXTVAL,'V');
    INSERT INTO PAIEMENT (NUMPAIEMENT,SUPPORTPAIEMENT)
    VALUES (SEQ_PAIEMENT.NEXTVAL,'B');
    INSERT INTO PAIEMENT (NUMPAIEMENT,SUPPORTPAIEMENT)
    VALUES (SEQ_PAIEMENT.NEXTVAL,'B');
    INSERT INTO PAIEMENT (NUMPAIEMENT,SUPPORTPAIEMENT)
    VALUES (SEQ_PAIEMENT.NEXTVAL,'E');
    INSERT INTO PAIEMENT (NUMPAIEMENT,SUPPORTPAIEMENT)
    VALUES (SEQ_PAIEMENT.NEXTVAL,'V');
    INSERT INTO PAIEMENT (NUMPAIEMENT,SUPPORTPAIEMENT)
    VALUES (SEQ_PAIEMENT.NEXTVAL,'M');
    INSERT INTO PAIEMENT (NUMPAIEMENT,SUPPORTPAIEMENT)
    VALUES (SEQ_PAIEMENT.NEXTVAL,'B');
    INSERT INTO PAIEMENT (NUMPAIEMENT,SUPPORTPAIEMENT)
    VALUES (SEQ_PAIEMENT.NEXTVAL,'E');
    INSERT INTO PAIEMENT (NUMPAIEMENT,SUPPORTPAIEMENT)
    VALUES (SEQ_PAIEMENT.NEXTVAL,'E');
    INSERT INTO PAIEMENT (NUMPAIEMENT,SUPPORTPAIEMENT)
    VALUES (SEQ_PAIEMENT.NEXTVAL,'M');
    INSERT INTO PAIEMENT (NUMPAIEMENT,SUPPORTPAIEMENT)
    VALUES (SEQ_PAIEMENT.NEXTVAL,'V');
    INSERT INTO PAIEMENT (NUMPAIEMENT,SUPPORTPAIEMENT)
    VALUES (SEQ_PAIEMENT.NEXTVAL,'E');
    INSERT INTO PAIEMENT (NUMPAIEMENT,SUPPORTPAIEMENT)
    VALUES (SEQ_PAIEMENT.NEXTVAL,'E');
    INSERT INTO PAIEMENT (NUMPAIEMENT,SUPPORTPAIEMENT)
    VALUES (SEQ_PAIEMENT.NEXTVAL,'V');
    INSERT INTO PAIEMENT (NUMPAIEMENT,SUPPORTPAIEMENT)
    VALUES (SEQ_PAIEMENT.NEXTVAL,'M');
    INSERT INTO PAIEMENT (NUMPAIEMENT,SUPPORTPAIEMENT)
    VALUES (SEQ_PAIEMENT.NEXTVAL,'E');
    INSERT INTO PAIEMENT (NUMPAIEMENT,SUPPORTPAIEMENT)
    VALUES (SEQ_PAIEMENT.NEXTVAL,'B');
    INSERT INTO PAIEMENT (NUMPAIEMENT,SUPPORTPAIEMENT)
    VALUES (SEQ_PAIEMENT.NEXTVAL,'E');
    INSERT INTO PAIEMENT (NUMPAIEMENT,SUPPORTPAIEMENT)
    VALUES (SEQ_PAIEMENT.NEXTVAL,'V');
    INSERT INTO PAIEMENT (NUMPAIEMENT,SUPPORTPAIEMENT)
    VALUES (SEQ_PAIEMENT.NEXTVAL,'E');
    INSERT INTO PAIEMENT (NUMPAIEMENT,SUPPORTPAIEMENT)
    VALUES (SEQ_PAIEMENT.NEXTVAL,'V');
    INSERT INTO PAIEMENT (NUMPAIEMENT,SUPPORTPAIEMENT)
    VALUES (SEQ_PAIEMENT.NEXTVAL,'E');
    INSERT INTO PAIEMENT (NUMPAIEMENT,SUPPORTPAIEMENT)
    VALUES (SEQ_PAIEMENT.NEXTVAL,'E');
    INSERT INTO PAIEMENT (NUMPAIEMENT,SUPPORTPAIEMENT)
    VALUES (SEQ_PAIEMENT.NEXTVAL,'M');
    INSERT INTO PAIEMENT (NUMPAIEMENT,SUPPORTPAIEMENT)
    VALUES (SEQ_PAIEMENT.NEXTVAL,'E');
    INSERT INTO PAIEMENT (NUMPAIEMENT,SUPPORTPAIEMENT)
    VALUES (SEQ_PAIEMENT.NEXTVAL,'M');
    INSERT INTO PAIEMENT (NUMPAIEMENT,SUPPORTPAIEMENT)
    VALUES (SEQ_PAIEMENT.NEXTVAL,'B');
    INSERT INTO PAIEMENT (NUMPAIEMENT,SUPPORTPAIEMENT)
    VALUES (SEQ_PAIEMENT.NEXTVAL,'M');
    INSERT INTO PAIEMENT (NUMPAIEMENT,SUPPORTPAIEMENT)
    VALUES (SEQ_PAIEMENT.NEXTVAL,'M');
    INSERT INTO PAIEMENT (NUMPAIEMENT,SUPPORTPAIEMENT)
    VALUES (SEQ_PAIEMENT.NEXTVAL,'E');
    INSERT INTO PAIEMENT (NUMPAIEMENT,SUPPORTPAIEMENT)
    VALUES (SEQ_PAIEMENT.NEXTVAL,'M');
    INSERT INTO PAIEMENT (NUMPAIEMENT,SUPPORTPAIEMENT)
    VALUES (SEQ_PAIEMENT.NEXTVAL,'V');
    INSERT INTO PAIEMENT (NUMPAIEMENT,SUPPORTPAIEMENT)
    VALUES (SEQ_PAIEMENT.NEXTVAL,'B');
    INSERT INTO PAIEMENT (NUMPAIEMENT,SUPPORTPAIEMENT)
    VALUES (SEQ_PAIEMENT.NEXTVAL,'V');
    INSERT INTO PAIEMENT (NUMPAIEMENT,SUPPORTPAIEMENT)
    VALUES (SEQ_PAIEMENT.NEXTVAL,'B');
    INSERT INTO PAIEMENT (NUMPAIEMENT,SUPPORTPAIEMENT)
    VALUES (SEQ_PAIEMENT.NEXTVAL,'V');
    INSERT INTO PAIEMENT (NUMPAIEMENT,SUPPORTPAIEMENT)
    VALUES (SEQ_PAIEMENT.NEXTVAL,'M');
    INSERT INTO PAIEMENT (NUMPAIEMENT,SUPPORTPAIEMENT)
    VALUES (SEQ_PAIEMENT.NEXTVAL,'M');
    INSERT INTO PAIEMENT (NUMPAIEMENT,SUPPORTPAIEMENT)
    VALUES (SEQ_PAIEMENT.NEXTVAL,'M');
    INSERT INTO PAIEMENT (NUMPAIEMENT,SUPPORTPAIEMENT)
    VALUES (SEQ_PAIEMENT.NEXTVAL,'M');
    INSERT INTO PAIEMENT (NUMPAIEMENT,SUPPORTPAIEMENT)
    VALUES (SEQ_PAIEMENT.NEXTVAL,'V');
    INSERT INTO PAIEMENT (NUMPAIEMENT,SUPPORTPAIEMENT)
    VALUES (SEQ_PAIEMENT.NEXTVAL,'V');
    INSERT INTO PAIEMENT (NUMPAIEMENT,SUPPORTPAIEMENT)
    VALUES (SEQ_PAIEMENT.NEXTVAL,'B');
    INSERT INTO PAIEMENT (NUMPAIEMENT,SUPPORTPAIEMENT)
    VALUES (SEQ_PAIEMENT.NEXTVAL,'B');
    INSERT INTO PAIEMENT (NUMPAIEMENT,SUPPORTPAIEMENT)
    VALUES (SEQ_PAIEMENT.NEXTVAL,'E');
    INSERT INTO PAIEMENT (NUMPAIEMENT,SUPPORTPAIEMENT)
    VALUES (SEQ_PAIEMENT.NEXTVAL,'V');
    INSERT INTO PAIEMENT (NUMPAIEMENT,SUPPORTPAIEMENT)
    VALUES (SEQ_PAIEMENT.NEXTVAL,'V');
    INSERT INTO PAIEMENT (NUMPAIEMENT,SUPPORTPAIEMENT)
    VALUES (SEQ_PAIEMENT.NEXTVAL,'V');
    INSERT INTO PAIEMENT (NUMPAIEMENT,SUPPORTPAIEMENT)
    VALUES (SEQ_PAIEMENT.NEXTVAL,'M');
    INSERT INTO PAIEMENT (NUMPAIEMENT,SUPPORTPAIEMENT)
    VALUES (SEQ_PAIEMENT.NEXTVAL,'V');
    INSERT INTO PAIEMENT (NUMPAIEMENT,SUPPORTPAIEMENT)
    VALUES (SEQ_PAIEMENT.NEXTVAL,'E');
    INSERT INTO PAIEMENT (NUMPAIEMENT,SUPPORTPAIEMENT)
    VALUES (SEQ_PAIEMENT.NEXTVAL,'M');
    INSERT INTO PAIEMENT (NUMPAIEMENT,SUPPORTPAIEMENT)
    VALUES (SEQ_PAIEMENT.NEXTVAL,'M');
    INSERT INTO PAIEMENT (NUMPAIEMENT,SUPPORTPAIEMENT)
    VALUES (SEQ_PAIEMENT.NEXTVAL,'E');
    INSERT INTO PAIEMENT (NUMPAIEMENT,SUPPORTPAIEMENT)
    VALUES (SEQ_PAIEMENT.NEXTVAL,'E');
    INSERT INTO PAIEMENT (NUMPAIEMENT,SUPPORTPAIEMENT)
    VALUES (SEQ_PAIEMENT.NEXTVAL,'V');
    INSERT INTO PAIEMENT (NUMPAIEMENT,SUPPORTPAIEMENT)
    VALUES (SEQ_PAIEMENT.NEXTVAL,'E');
    INSERT INTO PAIEMENT (NUMPAIEMENT,SUPPORTPAIEMENT)
    VALUES (SEQ_PAIEMENT.NEXTVAL,'E');
    INSERT INTO PAIEMENT (NUMPAIEMENT,SUPPORTPAIEMENT)
    VALUES (SEQ_PAIEMENT.NEXTVAL,'E');
    INSERT INTO PAIEMENT (NUMPAIEMENT,SUPPORTPAIEMENT)
    VALUES (SEQ_PAIEMENT.NEXTVAL,'V');
    INSERT INTO PAIEMENT (NUMPAIEMENT,SUPPORTPAIEMENT)
    VALUES (SEQ_PAIEMENT.NEXTVAL,'M');
    INSERT INTO PAIEMENT (NUMPAIEMENT,SUPPORTPAIEMENT)
    VALUES (SEQ_PAIEMENT.NEXTVAL,'B');
    INSERT INTO PAIEMENT (NUMPAIEMENT,SUPPORTPAIEMENT)
    VALUES (SEQ_PAIEMENT.NEXTVAL,'E');
    INSERT INTO PAIEMENT (NUMPAIEMENT,SUPPORTPAIEMENT)
    VALUES (SEQ_PAIEMENT.NEXTVAL,'M');
    INSERT INTO PAIEMENT (NUMPAIEMENT,SUPPORTPAIEMENT)
    VALUES (SEQ_PAIEMENT.NEXTVAL,'E');
    INSERT INTO PAIEMENT (NUMPAIEMENT,SUPPORTPAIEMENT)
    VALUES (SEQ_PAIEMENT.NEXTVAL,'V');
    INSERT INTO PAIEMENT (NUMPAIEMENT,SUPPORTPAIEMENT)
    VALUES (SEQ_PAIEMENT.NEXTVAL,'E');
    INSERT INTO PAIEMENT (NUMPAIEMENT,SUPPORTPAIEMENT)
    VALUES (SEQ_PAIEMENT.NEXTVAL,'E');
    INSERT INTO PAIEMENT (NUMPAIEMENT,SUPPORTPAIEMENT)
    VALUES (SEQ_PAIEMENT.NEXTVAL,'B');
    INSERT INTO PAIEMENT (NUMPAIEMENT,SUPPORTPAIEMENT)
    VALUES (SEQ_PAIEMENT.NEXTVAL,'M');
    INSERT INTO PAIEMENT (NUMPAIEMENT,SUPPORTPAIEMENT)
    VALUES (SEQ_PAIEMENT.NEXTVAL,'B');
    INSERT INTO PAIEMENT (NUMPAIEMENT,SUPPORTPAIEMENT)
    VALUES (SEQ_PAIEMENT.NEXTVAL,'E');
    INSERT INTO PAIEMENT (NUMPAIEMENT,SUPPORTPAIEMENT)
    VALUES (SEQ_PAIEMENT.NEXTVAL,'E');
    INSERT INTO PAIEMENT (NUMPAIEMENT,SUPPORTPAIEMENT)
    VALUES (SEQ_PAIEMENT.NEXTVAL,'E');
    INSERT INTO PAIEMENT (NUMPAIEMENT,SUPPORTPAIEMENT)
    VALUES (SEQ_PAIEMENT.NEXTVAL,'E');

    INSERT INTO COMMANDE (IDCOMMANDE,NUMPAIEMENT,IDACTEUR,DATECOMMANDE,ADRLIVRAISON,INSTRUCTIONSCOMMANDE,ETATCOMMANDE)
    VALUES (SEQ_COMMANDE.NEXTVAL,1,26,'11/Jul/2022','P.O. Box 533, 3544 Eget, St.','molestie pharetra nibh.','E');
    INSERT INTO COMMANDE (IDCOMMANDE,NUMPAIEMENT,IDACTEUR,DATECOMMANDE,ADRLIVRAISON,INSTRUCTIONSCOMMANDE,ETATCOMMANDE)
    VALUES (SEQ_COMMANDE.NEXTVAL,2,29,'6/Jan/2022','1153 Vel Ave','justo nec ante. Maecenas mi felis,','P');
    INSERT INTO COMMANDE (IDCOMMANDE,NUMPAIEMENT,IDACTEUR,DATECOMMANDE,ADRLIVRAISON,INSTRUCTIONSCOMMANDE,ETATCOMMANDE)
    VALUES (SEQ_COMMANDE.NEXTVAL,3,4,'19/Apr/2022','Ap #481-863 Eget Ave','adipiscing elit. Curabitur sed','E');
    INSERT INTO COMMANDE (IDCOMMANDE,NUMPAIEMENT,IDACTEUR,DATECOMMANDE,ADRLIVRAISON,INSTRUCTIONSCOMMANDE,ETATCOMMANDE)
    VALUES (SEQ_COMMANDE.NEXTVAL,4,3,'2/Jul/2022','579-5453 Proin St.','sapien. Aenean massa. Integer','R');
    INSERT INTO COMMANDE (IDCOMMANDE,NUMPAIEMENT,IDACTEUR,DATECOMMANDE,ADRLIVRAISON,INSTRUCTIONSCOMMANDE,ETATCOMMANDE)
    VALUES (SEQ_COMMANDE.NEXTVAL,5,31,'15/Jul/2022','8406 Et Rd.','blandit congue. In scelerisque','T');
    INSERT INTO COMMANDE (IDCOMMANDE,NUMPAIEMENT,IDACTEUR,DATECOMMANDE,ADRLIVRAISON,INSTRUCTIONSCOMMANDE,ETATCOMMANDE)
    VALUES (SEQ_COMMANDE.NEXTVAL,6,2,'19/Jan/2022','Ap #981-349 Arcu Avenue','cubilia Curae Donec tincidunt. Donec vitae','T');
    INSERT INTO COMMANDE (IDCOMMANDE,NUMPAIEMENT,IDACTEUR,DATECOMMANDE,ADRLIVRAISON,INSTRUCTIONSCOMMANDE,ETATCOMMANDE)
    VALUES (SEQ_COMMANDE.NEXTVAL,7,6,'28/Jun/2022','2999 Ut, Street','a purus. Duis elementum, dui','E');
    INSERT INTO COMMANDE (IDCOMMANDE,NUMPAIEMENT,IDACTEUR,DATECOMMANDE,ADRLIVRAISON,INSTRUCTIONSCOMMANDE,ETATCOMMANDE)
    VALUES (SEQ_COMMANDE.NEXTVAL,8,3,'18/Jan/2022','Ap #839-725 Ultrices. Avenue','nisi. Mauris nulla. Integer urna.','T');
    INSERT INTO COMMANDE (IDCOMMANDE,NUMPAIEMENT,IDACTEUR,DATECOMMANDE,ADRLIVRAISON,INSTRUCTIONSCOMMANDE,ETATCOMMANDE)
    VALUES (SEQ_COMMANDE.NEXTVAL,9,20,'1/Aug/2022','Ap #377-8858 Quam Street','lectus rutrum urna, nec luctus','R');
    INSERT INTO COMMANDE (IDCOMMANDE,NUMPAIEMENT,IDACTEUR,DATECOMMANDE,ADRLIVRAISON,INSTRUCTIONSCOMMANDE,ETATCOMMANDE)
    VALUES (SEQ_COMMANDE.NEXTVAL,10,23,'23/Jan/2022','P.O. Box 546, 6348 Tristique Av.','tellus non magna. Nam ligula elit, pretium et,','T');
    INSERT INTO COMMANDE (IDCOMMANDE,NUMPAIEMENT,IDACTEUR,DATECOMMANDE,ADRLIVRAISON,INSTRUCTIONSCOMMANDE,ETATCOMMANDE)
    VALUES (SEQ_COMMANDE.NEXTVAL,11,30,'4/Aug/2022','Ap #915-9408 Lectus Street','adipiscing fringilla, porttitor vulputate, posuere vulputate, lacus. Cras interdum.','T');
    INSERT INTO COMMANDE (IDCOMMANDE,NUMPAIEMENT,IDACTEUR,DATECOMMANDE,ADRLIVRAISON,INSTRUCTIONSCOMMANDE,ETATCOMMANDE)
    VALUES (SEQ_COMMANDE.NEXTVAL,12,26,'4/Jan/2022','Ap #624-1725 Vulputate, St.','amet orci. Ut sagittis lobortis mauris. Suspendisse aliquet','E');
    INSERT INTO COMMANDE (IDCOMMANDE,NUMPAIEMENT,IDACTEUR,DATECOMMANDE,ADRLIVRAISON,INSTRUCTIONSCOMMANDE,ETATCOMMANDE)
    VALUES (SEQ_COMMANDE.NEXTVAL,13,5,'4/Oct/2022','Ap #375-688 Vel, Rd.','semper, dui lectus rutrum urna, nec luctus felis purus','E');
    INSERT INTO COMMANDE (IDCOMMANDE,NUMPAIEMENT,IDACTEUR,DATECOMMANDE,ADRLIVRAISON,INSTRUCTIONSCOMMANDE,ETATCOMMANDE)
    VALUES (SEQ_COMMANDE.NEXTVAL,14,3,'22/Jan/2022','4537 Ac, Avenue','Sed neque. Sed eget','T');
    INSERT INTO COMMANDE (IDCOMMANDE,NUMPAIEMENT,IDACTEUR,DATECOMMANDE,ADRLIVRAISON,INSTRUCTIONSCOMMANDE,ETATCOMMANDE)
    VALUES (SEQ_COMMANDE.NEXTVAL,15,17,'22/Mar/2022','Ap #766-5293 Cursus Ave','Aliquam rutrum lorem','R');
    INSERT INTO COMMANDE (IDCOMMANDE,NUMPAIEMENT,IDACTEUR,DATECOMMANDE,ADRLIVRAISON,INSTRUCTIONSCOMMANDE,ETATCOMMANDE)
    VALUES (SEQ_COMMANDE.NEXTVAL,16,36,'12/Sep/2022','Ap #451-8005 Lectus St.','diam eu','E');
    INSERT INTO COMMANDE (IDCOMMANDE,NUMPAIEMENT,IDACTEUR,DATECOMMANDE,ADRLIVRAISON,INSTRUCTIONSCOMMANDE,ETATCOMMANDE)
    VALUES (SEQ_COMMANDE.NEXTVAL,17,23,'18/Feb/2022','Ap #216-4488 Lobortis Street','adipiscing non, luctus sit amet, faucibus ut, nulla.','E');
    INSERT INTO COMMANDE (IDCOMMANDE,NUMPAIEMENT,IDACTEUR,DATECOMMANDE,ADRLIVRAISON,INSTRUCTIONSCOMMANDE,ETATCOMMANDE)
    VALUES (SEQ_COMMANDE.NEXTVAL,18,24,'26/Jul/2022','6216 Ac Av.','mauris erat eget ipsum. Suspendisse sagittis. Nullam vitae diam. Proin','P');
    INSERT INTO COMMANDE (IDCOMMANDE,NUMPAIEMENT,IDACTEUR,DATECOMMANDE,ADRLIVRAISON,INSTRUCTIONSCOMMANDE,ETATCOMMANDE)
    VALUES (SEQ_COMMANDE.NEXTVAL,19,19,'10/Jul/2022','468-9992 Mattis Rd.','Ut','P');
    INSERT INTO COMMANDE (IDCOMMANDE,NUMPAIEMENT,IDACTEUR,DATECOMMANDE,ADRLIVRAISON,INSTRUCTIONSCOMMANDE,ETATCOMMANDE)
    VALUES (SEQ_COMMANDE.NEXTVAL,20,39,'30/Nov/2022','3766 Ultricies Road','neque. Sed eget lacus. Mauris non','E');
    INSERT INTO COMMANDE (IDCOMMANDE,NUMPAIEMENT,IDACTEUR,DATECOMMANDE,ADRLIVRAISON,INSTRUCTIONSCOMMANDE,ETATCOMMANDE)
    VALUES (SEQ_COMMANDE.NEXTVAL,21,17,'21/Jun/2022','P.O. Box 985, 2067 Dolor Rd.','magna et ipsum cursus vestibulum. Mauris magna. Duis dignissim','R');
    INSERT INTO COMMANDE (IDCOMMANDE,NUMPAIEMENT,IDACTEUR,DATECOMMANDE,ADRLIVRAISON,INSTRUCTIONSCOMMANDE,ETATCOMMANDE)
    VALUES (SEQ_COMMANDE.NEXTVAL,22,31,'3/Jul/2022','837-7975 Sit Street','adipiscing elit. Aliquam auctor, velit eget','E');
    INSERT INTO COMMANDE (IDCOMMANDE,NUMPAIEMENT,IDACTEUR,DATECOMMANDE,ADRLIVRAISON,INSTRUCTIONSCOMMANDE,ETATCOMMANDE)
    VALUES (SEQ_COMMANDE.NEXTVAL,23,20,'16/Oct/2022','P.O. Box 233, 8112 Nunc Av.','pede, ultrices a, auctor non, feugiat nec, diam.','P');
    INSERT INTO COMMANDE (IDCOMMANDE,NUMPAIEMENT,IDACTEUR,DATECOMMANDE,ADRLIVRAISON,INSTRUCTIONSCOMMANDE,ETATCOMMANDE)
    VALUES (SEQ_COMMANDE.NEXTVAL,24,2,'12/Nov/2022','8973 Aenean St.','Nullam feugiat placerat velit.','E');
    INSERT INTO COMMANDE (IDCOMMANDE,NUMPAIEMENT,IDACTEUR,DATECOMMANDE,ADRLIVRAISON,INSTRUCTIONSCOMMANDE,ETATCOMMANDE)
    VALUES (SEQ_COMMANDE.NEXTVAL,25,4,'16/Mar/2022','P.O. Box 457, 8512 Convallis Rd.','in, cursus et, eros. Proin','R');
    INSERT INTO COMMANDE (IDCOMMANDE,NUMPAIEMENT,IDACTEUR,DATECOMMANDE,ADRLIVRAISON,INSTRUCTIONSCOMMANDE,ETATCOMMANDE)
    VALUES (SEQ_COMMANDE.NEXTVAL,26,6,'14/Jan/2022','Ap #988-7086 Rhoncus. Ave','blandit enim consequat purus. Maecenas libero est,','E');
    INSERT INTO COMMANDE (IDCOMMANDE,NUMPAIEMENT,IDACTEUR,DATECOMMANDE,ADRLIVRAISON,INSTRUCTIONSCOMMANDE,ETATCOMMANDE)
    VALUES (SEQ_COMMANDE.NEXTVAL,27,31,'4/Aug/2022','Ap #725-5903 Integer Road','orci quis lectus. Nullam suscipit, est','R');
    INSERT INTO COMMANDE (IDCOMMANDE,NUMPAIEMENT,IDACTEUR,DATECOMMANDE,ADRLIVRAISON,INSTRUCTIONSCOMMANDE,ETATCOMMANDE)
    VALUES (SEQ_COMMANDE.NEXTVAL,28,4,'19/Jun/2022','Ap #428-9967 Congue. Street','enim. Curabitur massa. Vestibulum accumsan neque et','T');
    INSERT INTO COMMANDE (IDCOMMANDE,NUMPAIEMENT,IDACTEUR,DATECOMMANDE,ADRLIVRAISON,INSTRUCTIONSCOMMANDE,ETATCOMMANDE)
    VALUES (SEQ_COMMANDE.NEXTVAL,29,17,'5/Aug/2022','Ap #340-6031 Eu Rd.','at, iaculis quis, pede. Praesent eu dui. Cum','T');
    INSERT INTO COMMANDE (IDCOMMANDE,NUMPAIEMENT,IDACTEUR,DATECOMMANDE,ADRLIVRAISON,INSTRUCTIONSCOMMANDE,ETATCOMMANDE)
    VALUES (SEQ_COMMANDE.NEXTVAL,30,38,'24/Aug/2022','Ap #849-9262 Eget Street','a sollicitudin orci sem eget','T');
    INSERT INTO COMMANDE (IDCOMMANDE,NUMPAIEMENT,IDACTEUR,DATECOMMANDE,ADRLIVRAISON,INSTRUCTIONSCOMMANDE,ETATCOMMANDE)
    VALUES (SEQ_COMMANDE.NEXTVAL,31,4,'18/Jul/2022','9894 Vitae, St.','lorem semper auctor. Mauris vel turpis. Aliquam adipiscing','T');
    INSERT INTO COMMANDE (IDCOMMANDE,NUMPAIEMENT,IDACTEUR,DATECOMMANDE,ADRLIVRAISON,INSTRUCTIONSCOMMANDE,ETATCOMMANDE)
    VALUES (SEQ_COMMANDE.NEXTVAL,32,37,'6/Mar/2022','237-1289 Lacus Rd.','arcu vel quam dignissim pharetra. Nam ac nulla. In','P');
    INSERT INTO COMMANDE (IDCOMMANDE,NUMPAIEMENT,IDACTEUR,DATECOMMANDE,ADRLIVRAISON,INSTRUCTIONSCOMMANDE,ETATCOMMANDE)
    VALUES (SEQ_COMMANDE.NEXTVAL,33,18,'22/Mar/2022','472-4326 Euismod Rd.','ipsum. Suspendisse sagittis.','E');
    INSERT INTO COMMANDE (IDCOMMANDE,NUMPAIEMENT,IDACTEUR,DATECOMMANDE,ADRLIVRAISON,INSTRUCTIONSCOMMANDE,ETATCOMMANDE)
    VALUES (SEQ_COMMANDE.NEXTVAL,34,30,'2/Nov/2022','Ap #982-5141 Nec Av.','tincidunt. Donec vitae erat vel pede blandit','P');
    INSERT INTO COMMANDE (IDCOMMANDE,NUMPAIEMENT,IDACTEUR,DATECOMMANDE,ADRLIVRAISON,INSTRUCTIONSCOMMANDE,ETATCOMMANDE)
    VALUES (SEQ_COMMANDE.NEXTVAL,35,22,'6/Feb/2022','904-2344 Massa Road','ligula.','E');
    INSERT INTO COMMANDE (IDCOMMANDE,NUMPAIEMENT,IDACTEUR,DATECOMMANDE,ADRLIVRAISON,INSTRUCTIONSCOMMANDE,ETATCOMMANDE)
    VALUES (SEQ_COMMANDE.NEXTVAL,36,36,'13/Apr/2022','3354 Pellentesque Rd.','metus sit amet ante. Vivamus non lorem','T');
    INSERT INTO COMMANDE (IDCOMMANDE,NUMPAIEMENT,IDACTEUR,DATECOMMANDE,ADRLIVRAISON,INSTRUCTIONSCOMMANDE,ETATCOMMANDE)
    VALUES (SEQ_COMMANDE.NEXTVAL,37,5,'3/Jul/2022','P.O. Box 976, 5738 Libero. Street','rutrum lorem ac risus. Morbi metus. Vivamus euismod','P');
    INSERT INTO COMMANDE (IDCOMMANDE,NUMPAIEMENT,IDACTEUR,DATECOMMANDE,ADRLIVRAISON,INSTRUCTIONSCOMMANDE,ETATCOMMANDE)
    VALUES (SEQ_COMMANDE.NEXTVAL,38,4,'1/Apr/2022','435-4242 Imperdiet Ave','interdum ligula eu enim. Etiam imperdiet dictum','T');
    INSERT INTO COMMANDE (IDCOMMANDE,NUMPAIEMENT,IDACTEUR,DATECOMMANDE,ADRLIVRAISON,INSTRUCTIONSCOMMANDE,ETATCOMMANDE)
    VALUES (SEQ_COMMANDE.NEXTVAL,39,17,'8/Nov/2022','692-8914 Adipiscing Av.','Sed diam lorem, auctor quis,','P');
    INSERT INTO COMMANDE (IDCOMMANDE,NUMPAIEMENT,IDACTEUR,DATECOMMANDE,ADRLIVRAISON,INSTRUCTIONSCOMMANDE,ETATCOMMANDE)
    VALUES (SEQ_COMMANDE.NEXTVAL,40,14,'17/Jun/2022','687-3276 Arcu. St.','Aenean eget magna.','T');
    INSERT INTO COMMANDE (IDCOMMANDE,NUMPAIEMENT,IDACTEUR,DATECOMMANDE,ADRLIVRAISON,INSTRUCTIONSCOMMANDE,ETATCOMMANDE)
    VALUES (SEQ_COMMANDE.NEXTVAL,41,24,'19/Sep/2022','947-1791 Purus Rd.','ac nulla. In tincidunt congue turpis. In condimentum. Donec','R');
    INSERT INTO COMMANDE (IDCOMMANDE,NUMPAIEMENT,IDACTEUR,DATECOMMANDE,ADRLIVRAISON,INSTRUCTIONSCOMMANDE,ETATCOMMANDE)
    VALUES (SEQ_COMMANDE.NEXTVAL,42,6,'6/Jun/2022','133-5806 Ut Av.','eu nibh vulputate mauris sagittis','P');
    INSERT INTO COMMANDE (IDCOMMANDE,NUMPAIEMENT,IDACTEUR,DATECOMMANDE,ADRLIVRAISON,INSTRUCTIONSCOMMANDE,ETATCOMMANDE)
    VALUES (SEQ_COMMANDE.NEXTVAL,43,38,'3/Jan/2022','370-724 Commodo St.','quam a felis ullamcorper viverra. Maecenas iaculis','E');
    INSERT INTO COMMANDE (IDCOMMANDE,NUMPAIEMENT,IDACTEUR,DATECOMMANDE,ADRLIVRAISON,INSTRUCTIONSCOMMANDE,ETATCOMMANDE)
    VALUES (SEQ_COMMANDE.NEXTVAL,44,3,'5/Feb/2022','585-4554 Eu Rd.','lectus pede, ultrices a, auctor','P');
    INSERT INTO COMMANDE (IDCOMMANDE,NUMPAIEMENT,IDACTEUR,DATECOMMANDE,ADRLIVRAISON,INSTRUCTIONSCOMMANDE,ETATCOMMANDE)
    VALUES (SEQ_COMMANDE.NEXTVAL,45,22,'8/Mar/2022','983-2077 In Road','purus, in molestie tortor','E');
    INSERT INTO COMMANDE (IDCOMMANDE,NUMPAIEMENT,IDACTEUR,DATECOMMANDE,ADRLIVRAISON,INSTRUCTIONSCOMMANDE,ETATCOMMANDE)
    VALUES (SEQ_COMMANDE.NEXTVAL,46,26,'7/Sep/2022','6406 In, Av.','Ut tincidunt orci quis lectus. Nullam suscipit,','R');
    INSERT INTO COMMANDE (IDCOMMANDE,NUMPAIEMENT,IDACTEUR,DATECOMMANDE,ADRLIVRAISON,INSTRUCTIONSCOMMANDE,ETATCOMMANDE)
    VALUES (SEQ_COMMANDE.NEXTVAL,47,5,'13/Jan/2022','P.O. Box 689, 7420 Orci St.','Nam','E');
    INSERT INTO COMMANDE (IDCOMMANDE,NUMPAIEMENT,IDACTEUR,DATECOMMANDE,ADRLIVRAISON,INSTRUCTIONSCOMMANDE,ETATCOMMANDE)
    VALUES (SEQ_COMMANDE.NEXTVAL,48,35,'29/Jul/2022','550-9177 Egestas. Ave','nec, euismod','R');
    INSERT INTO COMMANDE (IDCOMMANDE,NUMPAIEMENT,IDACTEUR,DATECOMMANDE,ADRLIVRAISON,INSTRUCTIONSCOMMANDE,ETATCOMMANDE)
    VALUES (SEQ_COMMANDE.NEXTVAL,49,24,'19/Feb/2022','Ap #409-6480 Vel Av.','vestibulum massa rutrum magna.','R');
    INSERT INTO COMMANDE (IDCOMMANDE,NUMPAIEMENT,IDACTEUR,DATECOMMANDE,ADRLIVRAISON,INSTRUCTIONSCOMMANDE,ETATCOMMANDE)
    VALUES (SEQ_COMMANDE.NEXTVAL,50,6,'11/Oct/2022','Ap #225-4123 Enim Ave','pharetra. Nam','P');
    INSERT INTO COMMANDE (IDCOMMANDE,NUMPAIEMENT,IDACTEUR,DATECOMMANDE,ADRLIVRAISON,INSTRUCTIONSCOMMANDE,ETATCOMMANDE)
    VALUES (SEQ_COMMANDE.NEXTVAL,51,27,'26/Oct/2022','952-5019 Curabitur Av.','tincidunt congue turpis. In','R');
    INSERT INTO COMMANDE (IDCOMMANDE,NUMPAIEMENT,IDACTEUR,DATECOMMANDE,ADRLIVRAISON,INSTRUCTIONSCOMMANDE,ETATCOMMANDE)
    VALUES (SEQ_COMMANDE.NEXTVAL,52,2,'17/Mar/2022','Ap #224-5735 In Rd.','enim non nisi. Aenean eget metus. In','E');
    INSERT INTO COMMANDE (IDCOMMANDE,NUMPAIEMENT,IDACTEUR,DATECOMMANDE,ADRLIVRAISON,INSTRUCTIONSCOMMANDE,ETATCOMMANDE)
    VALUES (SEQ_COMMANDE.NEXTVAL,53,21,'18/Feb/2022','Ap #157-831 Nec Rd.','pulvinar arcu et pede. Nunc sed orci lobortis augue','T');
    INSERT INTO COMMANDE (IDCOMMANDE,NUMPAIEMENT,IDACTEUR,DATECOMMANDE,ADRLIVRAISON,INSTRUCTIONSCOMMANDE,ETATCOMMANDE)
    VALUES (SEQ_COMMANDE.NEXTVAL,54,18,'5/Mar/2022','861-3241 Orci Street','blandit viverra. Donec tempus, lorem','R');
    INSERT INTO COMMANDE (IDCOMMANDE,NUMPAIEMENT,IDACTEUR,DATECOMMANDE,ADRLIVRAISON,INSTRUCTIONSCOMMANDE,ETATCOMMANDE)
    VALUES (SEQ_COMMANDE.NEXTVAL,55,15,'31/Oct/2022','167-6560 Ligula St.','amet ante. Vivamus non lorem','T');
    INSERT INTO COMMANDE (IDCOMMANDE,NUMPAIEMENT,IDACTEUR,DATECOMMANDE,ADRLIVRAISON,INSTRUCTIONSCOMMANDE,ETATCOMMANDE)
    VALUES (SEQ_COMMANDE.NEXTVAL,56,29,'11/Aug/2022','Ap #461-8415 Augue Avenue','faucibus lectus, a sollicitudin orci sem','P');
    INSERT INTO COMMANDE (IDCOMMANDE,NUMPAIEMENT,IDACTEUR,DATECOMMANDE,ADRLIVRAISON,INSTRUCTIONSCOMMANDE,ETATCOMMANDE)
    VALUES (SEQ_COMMANDE.NEXTVAL,57,17,'26/Nov/2022','Ap #944-4250 Est. Rd.','turpis. Aliquam adipiscing lobortis risus. In mi pede,','R');
    INSERT INTO COMMANDE (IDCOMMANDE,NUMPAIEMENT,IDACTEUR,DATECOMMANDE,ADRLIVRAISON,INSTRUCTIONSCOMMANDE,ETATCOMMANDE)
    VALUES (SEQ_COMMANDE.NEXTVAL,58,11,'13/Nov/2022','P.O. Box 141, 6320 Ipsum. Road','imperdiet dictum magna.','E');
    INSERT INTO COMMANDE (IDCOMMANDE,NUMPAIEMENT,IDACTEUR,DATECOMMANDE,ADRLIVRAISON,INSTRUCTIONSCOMMANDE,ETATCOMMANDE)
    VALUES (SEQ_COMMANDE.NEXTVAL,59,15,'31/Aug/2022','P.O. Box 667, 6235 Integer Rd.','scelerisque, lorem','T');
    INSERT INTO COMMANDE (IDCOMMANDE,NUMPAIEMENT,IDACTEUR,DATECOMMANDE,ADRLIVRAISON,INSTRUCTIONSCOMMANDE,ETATCOMMANDE)
    VALUES (SEQ_COMMANDE.NEXTVAL,60,26,'23/Jan/2022','381-6520 Adipiscing Av.','Nulla dignissim. Maecenas ornare egestas ligula. Nullam feugiat','P');
    INSERT INTO COMMANDE (IDCOMMANDE,NUMPAIEMENT,IDACTEUR,DATECOMMANDE,ADRLIVRAISON,INSTRUCTIONSCOMMANDE,ETATCOMMANDE)
    VALUES (SEQ_COMMANDE.NEXTVAL,61,14,'18/Sep/2022','P.O. Box 627, 7416 Mi Road','Proin vel arcu eu odio tristique','P');
    INSERT INTO COMMANDE (IDCOMMANDE,NUMPAIEMENT,IDACTEUR,DATECOMMANDE,ADRLIVRAISON,INSTRUCTIONSCOMMANDE,ETATCOMMANDE)
    VALUES (SEQ_COMMANDE.NEXTVAL,62,5,'13/Mar/2022','P.O. Box 646, 4049 Pretium Ave','Proin ultrices.','P');
    INSERT INTO COMMANDE (IDCOMMANDE,NUMPAIEMENT,IDACTEUR,DATECOMMANDE,ADRLIVRAISON,INSTRUCTIONSCOMMANDE,ETATCOMMANDE)
    VALUES (SEQ_COMMANDE.NEXTVAL,63,28,'29/Jan/2022','770-3215 Arcu. Ave','pharetra. Quisque ac','T');
    INSERT INTO COMMANDE (IDCOMMANDE,NUMPAIEMENT,IDACTEUR,DATECOMMANDE,ADRLIVRAISON,INSTRUCTIONSCOMMANDE,ETATCOMMANDE)
    VALUES (SEQ_COMMANDE.NEXTVAL,64,8,'16/Jul/2022','P.O. Box 740, 1784 Dictum Street','Curabitur consequat, lectus sit amet luctus','E');
    INSERT INTO COMMANDE (IDCOMMANDE,NUMPAIEMENT,IDACTEUR,DATECOMMANDE,ADRLIVRAISON,INSTRUCTIONSCOMMANDE,ETATCOMMANDE)
    VALUES (SEQ_COMMANDE.NEXTVAL,65,5,'11/Aug/2022','P.O. Box 655, 7871 Ipsum. Rd.','litora','E');
    INSERT INTO COMMANDE (IDCOMMANDE,NUMPAIEMENT,IDACTEUR,DATECOMMANDE,ADRLIVRAISON,INSTRUCTIONSCOMMANDE,ETATCOMMANDE)
    VALUES (SEQ_COMMANDE.NEXTVAL,66,27,'31/Aug/2022','335-3849 Et Av.','Cras convallis','T');
    INSERT INTO COMMANDE (IDCOMMANDE,NUMPAIEMENT,IDACTEUR,DATECOMMANDE,ADRLIVRAISON,INSTRUCTIONSCOMMANDE,ETATCOMMANDE)
    VALUES (SEQ_COMMANDE.NEXTVAL,67,2,'3/Aug/2022','P.O. Box 770, 2345 Sed Street','aliquam eu,','P');
    INSERT INTO COMMANDE (IDCOMMANDE,NUMPAIEMENT,IDACTEUR,DATECOMMANDE,ADRLIVRAISON,INSTRUCTIONSCOMMANDE,ETATCOMMANDE)
    VALUES (SEQ_COMMANDE.NEXTVAL,68,29,'8/Jun/2022','4500 Nunc Ave','blandit. Nam nulla','R');
    INSERT INTO COMMANDE (IDCOMMANDE,NUMPAIEMENT,IDACTEUR,DATECOMMANDE,ADRLIVRAISON,INSTRUCTIONSCOMMANDE,ETATCOMMANDE)
    VALUES (SEQ_COMMANDE.NEXTVAL,69,24,'21/Oct/2022','5013 Ligula Rd.','id, libero. Donec consectetuer mauris id sapien. Cras dolor','E');
    INSERT INTO COMMANDE (IDCOMMANDE,NUMPAIEMENT,IDACTEUR,DATECOMMANDE,ADRLIVRAISON,INSTRUCTIONSCOMMANDE,ETATCOMMANDE)
    VALUES (SEQ_COMMANDE.NEXTVAL,70,38,'10/Jan/2022','6092 Elit, Avenue','ornare placerat, orci lacus vestibulum lorem, sit amet','R');
    INSERT INTO COMMANDE (IDCOMMANDE,NUMPAIEMENT,IDACTEUR,DATECOMMANDE,ADRLIVRAISON,INSTRUCTIONSCOMMANDE,ETATCOMMANDE)
    VALUES (SEQ_COMMANDE.NEXTVAL,71,30,'27/Apr/2022','4037 Erat Street','parturient montes, nascetur ridiculus mus. Aenean eget','P');
    INSERT INTO COMMANDE (IDCOMMANDE,NUMPAIEMENT,IDACTEUR,DATECOMMANDE,ADRLIVRAISON,INSTRUCTIONSCOMMANDE,ETATCOMMANDE)
    VALUES (SEQ_COMMANDE.NEXTVAL,72,27,'19/Jul/2022','Ap #666-696 Tempus St.','tempor arcu. Vestibulum ut eros non enim commodo','P');
    INSERT INTO COMMANDE (IDCOMMANDE,NUMPAIEMENT,IDACTEUR,DATECOMMANDE,ADRLIVRAISON,INSTRUCTIONSCOMMANDE,ETATCOMMANDE)
    VALUES (SEQ_COMMANDE.NEXTVAL,73,38,'11/Oct/2022','Ap #629-4713 Eros. St.','nascetur ridiculus mus. Aenean eget magna. Suspendisse tristique','P');
    INSERT INTO COMMANDE (IDCOMMANDE,NUMPAIEMENT,IDACTEUR,DATECOMMANDE,ADRLIVRAISON,INSTRUCTIONSCOMMANDE,ETATCOMMANDE)
    VALUES (SEQ_COMMANDE.NEXTVAL,74,17,'5/Jun/2022','367-2476 Risus. St.','amet ornare','T');
    INSERT INTO COMMANDE (IDCOMMANDE,NUMPAIEMENT,IDACTEUR,DATECOMMANDE,ADRLIVRAISON,INSTRUCTIONSCOMMANDE,ETATCOMMANDE)
    VALUES (SEQ_COMMANDE.NEXTVAL,75,10,'10/Sep/2022','Ap #203-2136 Viverra. Road','imperdiet ornare. In faucibus. Morbi vehicula. Pellentesque tincidunt','R');
    INSERT INTO COMMANDE (IDCOMMANDE,NUMPAIEMENT,IDACTEUR,DATECOMMANDE,ADRLIVRAISON,INSTRUCTIONSCOMMANDE,ETATCOMMANDE)
    VALUES (SEQ_COMMANDE.NEXTVAL,76,16,'23/Feb/2022','1817 Aliquam Avenue','consequat dolor vitae','R');
    INSERT INTO COMMANDE (IDCOMMANDE,NUMPAIEMENT,IDACTEUR,DATECOMMANDE,ADRLIVRAISON,INSTRUCTIONSCOMMANDE,ETATCOMMANDE)
    VALUES (SEQ_COMMANDE.NEXTVAL,77,24,'26/Oct/2022','Ap #361-4031 Metus Avenue','iaculis nec, eleifend non, dapibus rutrum, justo.','P');
    INSERT INTO COMMANDE (IDCOMMANDE,NUMPAIEMENT,IDACTEUR,DATECOMMANDE,ADRLIVRAISON,INSTRUCTIONSCOMMANDE,ETATCOMMANDE)
    VALUES (SEQ_COMMANDE.NEXTVAL,78,33,'23/Sep/2022','2930 Mauris Av.','quam vel sapien imperdiet ornare. In faucibus. Morbi','R');
    INSERT INTO COMMANDE (IDCOMMANDE,NUMPAIEMENT,IDACTEUR,DATECOMMANDE,ADRLIVRAISON,INSTRUCTIONSCOMMANDE,ETATCOMMANDE)
    VALUES (SEQ_COMMANDE.NEXTVAL,79,9,'17/Feb/2022','1538 Neque Ave','ullamcorper magna. Sed eu eros. Nam consequat dolor vitae','E');
    INSERT INTO COMMANDE (IDCOMMANDE,NUMPAIEMENT,IDACTEUR,DATECOMMANDE,ADRLIVRAISON,INSTRUCTIONSCOMMANDE,ETATCOMMANDE)
    VALUES (SEQ_COMMANDE.NEXTVAL,80,14,'4/Feb/2022','3278 Quisque Ave','Donec elementum, lorem ut aliquam iaculis, lacus pede sagittis','P');
    INSERT INTO COMMANDE (IDCOMMANDE,NUMPAIEMENT,IDACTEUR,DATECOMMANDE,ADRLIVRAISON,INSTRUCTIONSCOMMANDE,ETATCOMMANDE)
    VALUES (SEQ_COMMANDE.NEXTVAL,81,39,'11/Jul/2022','Ap #624-8870 Nisi St.','Nulla tempor augue ac ipsum. Phasellus vitae mauris sit amet','E');
    INSERT INTO COMMANDE (IDCOMMANDE,NUMPAIEMENT,IDACTEUR,DATECOMMANDE,ADRLIVRAISON,INSTRUCTIONSCOMMANDE,ETATCOMMANDE)
    VALUES (SEQ_COMMANDE.NEXTVAL,82,6,'17/Nov/2022','P.O. Box 189, 3243 Donec Ave','egestas a, scelerisque sed, sapien. Nunc pulvinar arcu','R');
    INSERT INTO COMMANDE (IDCOMMANDE,NUMPAIEMENT,IDACTEUR,DATECOMMANDE,ADRLIVRAISON,INSTRUCTIONSCOMMANDE,ETATCOMMANDE)
    VALUES (SEQ_COMMANDE.NEXTVAL,83,25,'4/Aug/2022','P.O. Box 778, 3337 Proin Ave','dui lectus rutrum urna, nec luctus felis purus ac tellus.','P');
    INSERT INTO COMMANDE (IDCOMMANDE,NUMPAIEMENT,IDACTEUR,DATECOMMANDE,ADRLIVRAISON,INSTRUCTIONSCOMMANDE,ETATCOMMANDE)
    VALUES (SEQ_COMMANDE.NEXTVAL,84,4,'18/Aug/2022','Ap #717-2760 Parturient Avenue','in consequat','T');
    INSERT INTO COMMANDE (IDCOMMANDE,NUMPAIEMENT,IDACTEUR,DATECOMMANDE,ADRLIVRAISON,INSTRUCTIONSCOMMANDE,ETATCOMMANDE)
    VALUES (SEQ_COMMANDE.NEXTVAL,85,35,'31/Aug/2022','Ap #782-1098 In Ave','vulputate ullamcorper magna. Sed eu eros. Nam consequat dolor','E');
    INSERT INTO COMMANDE (IDCOMMANDE,NUMPAIEMENT,IDACTEUR,DATECOMMANDE,ADRLIVRAISON,INSTRUCTIONSCOMMANDE,ETATCOMMANDE)
    VALUES (SEQ_COMMANDE.NEXTVAL,86,13,'28/Nov/2022','666-1100 Eu, Ave','facilisis lorem','P');
    INSERT INTO COMMANDE (IDCOMMANDE,NUMPAIEMENT,IDACTEUR,DATECOMMANDE,ADRLIVRAISON,INSTRUCTIONSCOMMANDE,ETATCOMMANDE)
    VALUES (SEQ_COMMANDE.NEXTVAL,87,33,'14/Mar/2022','1278 Congue Street','Aliquam rutrum lorem ac risus. Morbi metus.','P');
    INSERT INTO COMMANDE (IDCOMMANDE,NUMPAIEMENT,IDACTEUR,DATECOMMANDE,ADRLIVRAISON,INSTRUCTIONSCOMMANDE,ETATCOMMANDE)
    VALUES (SEQ_COMMANDE.NEXTVAL,88,1,'21/Mar/2022','185-8354 Blandit Rd.','scelerisque mollis.','R');
    INSERT INTO COMMANDE (IDCOMMANDE,NUMPAIEMENT,IDACTEUR,DATECOMMANDE,ADRLIVRAISON,INSTRUCTIONSCOMMANDE,ETATCOMMANDE)
    VALUES (SEQ_COMMANDE.NEXTVAL,89,9,'11/Nov/2022','Ap #246-2886 Tristique Rd.','Nulla eu neque pellentesque massa lobortis ultrices.','P');
    INSERT INTO COMMANDE (IDCOMMANDE,NUMPAIEMENT,IDACTEUR,DATECOMMANDE,ADRLIVRAISON,INSTRUCTIONSCOMMANDE,ETATCOMMANDE)
    VALUES (SEQ_COMMANDE.NEXTVAL,90,28,'13/Sep/2022','P.O. Box 527, 5198 Neque Av.','malesuada malesuada. Integer id magna et','P');
    INSERT INTO COMMANDE (IDCOMMANDE,NUMPAIEMENT,IDACTEUR,DATECOMMANDE,ADRLIVRAISON,INSTRUCTIONSCOMMANDE,ETATCOMMANDE)
    VALUES (SEQ_COMMANDE.NEXTVAL,91,31,'18/Sep/2022','854-3118 Natoque Rd.','cursus in, hendrerit','T');
    INSERT INTO COMMANDE (IDCOMMANDE,NUMPAIEMENT,IDACTEUR,DATECOMMANDE,ADRLIVRAISON,INSTRUCTIONSCOMMANDE,ETATCOMMANDE)
    VALUES (SEQ_COMMANDE.NEXTVAL,92,22,'11/Aug/2022','P.O. Box 231, 3727 Senectus Av.','convallis, ante','T');
    INSERT INTO COMMANDE (IDCOMMANDE,NUMPAIEMENT,IDACTEUR,DATECOMMANDE,ADRLIVRAISON,INSTRUCTIONSCOMMANDE,ETATCOMMANDE)
    VALUES (SEQ_COMMANDE.NEXTVAL,93,23,'13/Jun/2022','494-2003 Netus Road','odio. Etiam ligula tortor, dictum eu, placerat eget, venenatis','E');
    INSERT INTO COMMANDE (IDCOMMANDE,NUMPAIEMENT,IDACTEUR,DATECOMMANDE,ADRLIVRAISON,INSTRUCTIONSCOMMANDE,ETATCOMMANDE)
    VALUES (SEQ_COMMANDE.NEXTVAL,94,25,'18/Mar/2022','Ap #973-6458 Ultricies Rd.','dictum eleifend, nunc risus varius orci, in consequat','P');
    INSERT INTO COMMANDE (IDCOMMANDE,NUMPAIEMENT,IDACTEUR,DATECOMMANDE,ADRLIVRAISON,INSTRUCTIONSCOMMANDE,ETATCOMMANDE)
    VALUES (SEQ_COMMANDE.NEXTVAL,95,35,'23/Apr/2022','709-5217 Donec Road','parturient montes, nascetur','E');
    INSERT INTO COMMANDE (IDCOMMANDE,NUMPAIEMENT,IDACTEUR,DATECOMMANDE,ADRLIVRAISON,INSTRUCTIONSCOMMANDE,ETATCOMMANDE)
    VALUES (SEQ_COMMANDE.NEXTVAL,96,40,'21/Jan/2022','635-1621 Nec, Rd.','id nunc','T');
    INSERT INTO COMMANDE (IDCOMMANDE,NUMPAIEMENT,IDACTEUR,DATECOMMANDE,ADRLIVRAISON,INSTRUCTIONSCOMMANDE,ETATCOMMANDE)
    VALUES (SEQ_COMMANDE.NEXTVAL,97,7,'2/Oct/2022','7821 Ipsum St.','amet risus. Donec egestas.','E');
    INSERT INTO COMMANDE (IDCOMMANDE,NUMPAIEMENT,IDACTEUR,DATECOMMANDE,ADRLIVRAISON,INSTRUCTIONSCOMMANDE,ETATCOMMANDE)
    VALUES (SEQ_COMMANDE.NEXTVAL,98,2,'2/Aug/2022','Ap #603-2963 Sed Rd.','tempor lorem,','R');
    INSERT INTO COMMANDE (IDCOMMANDE,NUMPAIEMENT,IDACTEUR,DATECOMMANDE,ADRLIVRAISON,INSTRUCTIONSCOMMANDE,ETATCOMMANDE)
    VALUES (SEQ_COMMANDE.NEXTVAL,99,15,'11/Jun/2022','897-9263 Rutrum Av.','gravida. Aliquam tincidunt, nunc ac mattis ornare, lectus ante','R');
    INSERT INTO COMMANDE (IDCOMMANDE,NUMPAIEMENT,IDACTEUR,DATECOMMANDE,ADRLIVRAISON,INSTRUCTIONSCOMMANDE,ETATCOMMANDE)
    VALUES (SEQ_COMMANDE.NEXTVAL,100,34,'3/Jul/2022','P.O. Box 135, 2802 Sed Road','Donec dignissim magna','T');

    INSERT INTO DETAILCOMMANDE (IDCOMMANDE,IDARTICLE,QUANTITEARTICLE,PRIXARTICLEFIXE,COULEUR)
    VALUES (1,40,3,1,'ROUGE');
    INSERT INTO DETAILCOMMANDE (IDCOMMANDE,IDARTICLE,QUANTITEARTICLE,PRIXARTICLEFIXE,COULEUR)
    VALUES (2,8,6,1,'ROUGE');
    INSERT INTO DETAILCOMMANDE (IDCOMMANDE,IDARTICLE,QUANTITEARTICLE,PRIXARTICLEFIXE,COULEUR)
    VALUES (3,7,6,1,'ROUGE');
    INSERT INTO DETAILCOMMANDE (IDCOMMANDE,IDARTICLE,QUANTITEARTICLE,PRIXARTICLEFIXE,COULEUR)
    VALUES (4,28,9,1,'ROUGE');
    INSERT INTO DETAILCOMMANDE (IDCOMMANDE,IDARTICLE,QUANTITEARTICLE,PRIXARTICLEFIXE,COULEUR)
    VALUES (5,30,4,1,'ROUGE');
    INSERT INTO DETAILCOMMANDE (IDCOMMANDE,IDARTICLE,QUANTITEARTICLE,PRIXARTICLEFIXE,COULEUR)
    VALUES (6,45,5,1,'ROUGE');
    INSERT INTO DETAILCOMMANDE (IDCOMMANDE,IDARTICLE,QUANTITEARTICLE,PRIXARTICLEFIXE,COULEUR)
    VALUES (7,27,8,1,'ROUGE');
    INSERT INTO DETAILCOMMANDE (IDCOMMANDE,IDARTICLE,QUANTITEARTICLE,PRIXARTICLEFIXE,COULEUR)
    VALUES (8,41,2,1,'ROUGE');
    INSERT INTO DETAILCOMMANDE (IDCOMMANDE,IDARTICLE,QUANTITEARTICLE,PRIXARTICLEFIXE,COULEUR)
    VALUES (9,46,2,1,'ROUGE');
    INSERT INTO DETAILCOMMANDE (IDCOMMANDE,IDARTICLE,QUANTITEARTICLE,PRIXARTICLEFIXE,COULEUR)
    VALUES (10,17,4,1,'ROUGE');
    INSERT INTO DETAILCOMMANDE (IDCOMMANDE,IDARTICLE,QUANTITEARTICLE,PRIXARTICLEFIXE,COULEUR)
    VALUES (11,48,7,1,'ROUGE');
    INSERT INTO DETAILCOMMANDE (IDCOMMANDE,IDARTICLE,QUANTITEARTICLE,PRIXARTICLEFIXE,COULEUR)
    VALUES (12,38,7,1,'ROUGE');
    INSERT INTO DETAILCOMMANDE (IDCOMMANDE,IDARTICLE,QUANTITEARTICLE,PRIXARTICLEFIXE,COULEUR)
    VALUES (13,7,7,1,'ROUGE');
    INSERT INTO DETAILCOMMANDE (IDCOMMANDE,IDARTICLE,QUANTITEARTICLE,PRIXARTICLEFIXE,COULEUR)
    VALUES (14,38,5,1,'ROUGE');
    INSERT INTO DETAILCOMMANDE (IDCOMMANDE,IDARTICLE,QUANTITEARTICLE,PRIXARTICLEFIXE,COULEUR)
    VALUES (15,17,7,1,'ROUGE');
    INSERT INTO DETAILCOMMANDE (IDCOMMANDE,IDARTICLE,QUANTITEARTICLE,PRIXARTICLEFIXE,COULEUR)
    VALUES (16,44,8,1,'ROUGE');
    INSERT INTO DETAILCOMMANDE (IDCOMMANDE,IDARTICLE,QUANTITEARTICLE,PRIXARTICLEFIXE,COULEUR)
    VALUES (17,17,6,1,'ROUGE');
    INSERT INTO DETAILCOMMANDE (IDCOMMANDE,IDARTICLE,QUANTITEARTICLE,PRIXARTICLEFIXE,COULEUR)
    VALUES (18,49,3,1,'ROUGE');
    INSERT INTO DETAILCOMMANDE (IDCOMMANDE,IDARTICLE,QUANTITEARTICLE,PRIXARTICLEFIXE,COULEUR)
    VALUES (19,26,2,1,'ROUGE');
    INSERT INTO DETAILCOMMANDE (IDCOMMANDE,IDARTICLE,QUANTITEARTICLE,PRIXARTICLEFIXE,COULEUR)
    VALUES (20,4,6,1,'ROUGE');
    INSERT INTO DETAILCOMMANDE (IDCOMMANDE,IDARTICLE,QUANTITEARTICLE,PRIXARTICLEFIXE,COULEUR)
    VALUES (21,17,3,1,'ROUGE');
    INSERT INTO DETAILCOMMANDE (IDCOMMANDE,IDARTICLE,QUANTITEARTICLE,PRIXARTICLEFIXE,COULEUR)
    VALUES (22,2,2,1,'ROUGE');
    INSERT INTO DETAILCOMMANDE (IDCOMMANDE,IDARTICLE,QUANTITEARTICLE,PRIXARTICLEFIXE,COULEUR)
    VALUES (23,27,5,1,'ROUGE');
    INSERT INTO DETAILCOMMANDE (IDCOMMANDE,IDARTICLE,QUANTITEARTICLE,PRIXARTICLEFIXE,COULEUR)
    VALUES (24,48,8,1,'ROUGE');
    INSERT INTO DETAILCOMMANDE (IDCOMMANDE,IDARTICLE,QUANTITEARTICLE,PRIXARTICLEFIXE,COULEUR)
    VALUES (25,36,6,1,'ROUGE');
    INSERT INTO DETAILCOMMANDE (IDCOMMANDE,IDARTICLE,QUANTITEARTICLE,PRIXARTICLEFIXE,COULEUR)
    VALUES (26,32,7,1,'ROUGE');
    INSERT INTO DETAILCOMMANDE (IDCOMMANDE,IDARTICLE,QUANTITEARTICLE,PRIXARTICLEFIXE,COULEUR)
    VALUES (27,16,7,1,'ROUGE');
    INSERT INTO DETAILCOMMANDE (IDCOMMANDE,IDARTICLE,QUANTITEARTICLE,PRIXARTICLEFIXE,COULEUR)
    VALUES (28,16,9,1,'ROUGE');
    INSERT INTO DETAILCOMMANDE (IDCOMMANDE,IDARTICLE,QUANTITEARTICLE,PRIXARTICLEFIXE,COULEUR)
    VALUES (29,20,2,1,'ROUGE');
    INSERT INTO DETAILCOMMANDE (IDCOMMANDE,IDARTICLE,QUANTITEARTICLE,PRIXARTICLEFIXE,COULEUR)
    VALUES (30,34,8,1,'ROUGE');
    INSERT INTO DETAILCOMMANDE (IDCOMMANDE,IDARTICLE,QUANTITEARTICLE,PRIXARTICLEFIXE,COULEUR)
    VALUES (31,47,2,1,'ROUGE');
    INSERT INTO DETAILCOMMANDE (IDCOMMANDE,IDARTICLE,QUANTITEARTICLE,PRIXARTICLEFIXE,COULEUR)
    VALUES (32,5,5,1,'ROUGE');
    INSERT INTO DETAILCOMMANDE (IDCOMMANDE,IDARTICLE,QUANTITEARTICLE,PRIXARTICLEFIXE,COULEUR)
    VALUES (33,39,3,1,'ROUGE');
    INSERT INTO DETAILCOMMANDE (IDCOMMANDE,IDARTICLE,QUANTITEARTICLE,PRIXARTICLEFIXE,COULEUR)
    VALUES (34,12,8,1,'ROUGE');
    INSERT INTO DETAILCOMMANDE (IDCOMMANDE,IDARTICLE,QUANTITEARTICLE,PRIXARTICLEFIXE,COULEUR)
    VALUES (35,15,3,1,'ROUGE');
    INSERT INTO DETAILCOMMANDE (IDCOMMANDE,IDARTICLE,QUANTITEARTICLE,PRIXARTICLEFIXE,COULEUR)
    VALUES (36,43,6,1,'ROUGE');
    INSERT INTO DETAILCOMMANDE (IDCOMMANDE,IDARTICLE,QUANTITEARTICLE,PRIXARTICLEFIXE,COULEUR)
    VALUES (37,16,4,1,'ROUGE');
    INSERT INTO DETAILCOMMANDE (IDCOMMANDE,IDARTICLE,QUANTITEARTICLE,PRIXARTICLEFIXE,COULEUR)
    VALUES (38,10,5,1,'ROUGE');
    INSERT INTO DETAILCOMMANDE (IDCOMMANDE,IDARTICLE,QUANTITEARTICLE,PRIXARTICLEFIXE,COULEUR)
    VALUES (39,3,3,1,'ROUGE');
    INSERT INTO DETAILCOMMANDE (IDCOMMANDE,IDARTICLE,QUANTITEARTICLE,PRIXARTICLEFIXE,COULEUR)
    VALUES (40,12,10,1,'ROUGE');
    INSERT INTO DETAILCOMMANDE (IDCOMMANDE,IDARTICLE,QUANTITEARTICLE,PRIXARTICLEFIXE,COULEUR)
    VALUES (41,27,4,1,'ROUGE');
    INSERT INTO DETAILCOMMANDE (IDCOMMANDE,IDARTICLE,QUANTITEARTICLE,PRIXARTICLEFIXE,COULEUR)
    VALUES (42,46,6,1,'ROUGE');
    INSERT INTO DETAILCOMMANDE (IDCOMMANDE,IDARTICLE,QUANTITEARTICLE,PRIXARTICLEFIXE,COULEUR)
    VALUES (43,16,9,1,'ROUGE');
    INSERT INTO DETAILCOMMANDE (IDCOMMANDE,IDARTICLE,QUANTITEARTICLE,PRIXARTICLEFIXE,COULEUR)
    VALUES (44,6,7,1,'ROUGE');
    INSERT INTO DETAILCOMMANDE (IDCOMMANDE,IDARTICLE,QUANTITEARTICLE,PRIXARTICLEFIXE,COULEUR)
    VALUES (45,44,9,1,'ROUGE');
    INSERT INTO DETAILCOMMANDE (IDCOMMANDE,IDARTICLE,QUANTITEARTICLE,PRIXARTICLEFIXE,COULEUR)
    VALUES (46,27,3,1,'ROUGE');
    INSERT INTO DETAILCOMMANDE (IDCOMMANDE,IDARTICLE,QUANTITEARTICLE,PRIXARTICLEFIXE,COULEUR)
    VALUES (47,40,3,1,'ROUGE');
    INSERT INTO DETAILCOMMANDE (IDCOMMANDE,IDARTICLE,QUANTITEARTICLE,PRIXARTICLEFIXE,COULEUR)
    VALUES (48,45,6,1,'ROUGE');
    INSERT INTO DETAILCOMMANDE (IDCOMMANDE,IDARTICLE,QUANTITEARTICLE,PRIXARTICLEFIXE,COULEUR)
    VALUES (49,43,3,1,'ROUGE');
    INSERT INTO DETAILCOMMANDE (IDCOMMANDE,IDARTICLE,QUANTITEARTICLE,PRIXARTICLEFIXE,COULEUR)
    VALUES (50,25,8,1,'ROUGE');
    INSERT INTO DETAILCOMMANDE (IDCOMMANDE,IDARTICLE,QUANTITEARTICLE,PRIXARTICLEFIXE,COULEUR)
    VALUES (51,25,3,1,'ROUGE');
    INSERT INTO DETAILCOMMANDE (IDCOMMANDE,IDARTICLE,QUANTITEARTICLE,PRIXARTICLEFIXE,COULEUR)
    VALUES (52,28,8,1,'ROUGE');
    INSERT INTO DETAILCOMMANDE (IDCOMMANDE,IDARTICLE,QUANTITEARTICLE,PRIXARTICLEFIXE,COULEUR)
    VALUES (53,45,3,1,'ROUGE');
    INSERT INTO DETAILCOMMANDE (IDCOMMANDE,IDARTICLE,QUANTITEARTICLE,PRIXARTICLEFIXE,COULEUR)
    VALUES (54,17,4,1,'ROUGE');
    INSERT INTO DETAILCOMMANDE (IDCOMMANDE,IDARTICLE,QUANTITEARTICLE,PRIXARTICLEFIXE,COULEUR)
    VALUES (55,5,7,1,'ROUGE');
    INSERT INTO DETAILCOMMANDE (IDCOMMANDE,IDARTICLE,QUANTITEARTICLE,PRIXARTICLEFIXE,COULEUR)
    VALUES (56,31,3,1,'ROUGE');
    INSERT INTO DETAILCOMMANDE (IDCOMMANDE,IDARTICLE,QUANTITEARTICLE,PRIXARTICLEFIXE,COULEUR)
    VALUES (57,34,7,1,'ROUGE');
    INSERT INTO DETAILCOMMANDE (IDCOMMANDE,IDARTICLE,QUANTITEARTICLE,PRIXARTICLEFIXE,COULEUR)
    VALUES (58,32,4,1,'ROUGE');
    INSERT INTO DETAILCOMMANDE (IDCOMMANDE,IDARTICLE,QUANTITEARTICLE,PRIXARTICLEFIXE,COULEUR)
    VALUES (59,42,10,1,'ROUGE');
    INSERT INTO DETAILCOMMANDE (IDCOMMANDE,IDARTICLE,QUANTITEARTICLE,PRIXARTICLEFIXE,COULEUR)
    VALUES (60,34,3,1,'ROUGE');
    INSERT INTO DETAILCOMMANDE (IDCOMMANDE,IDARTICLE,QUANTITEARTICLE,PRIXARTICLEFIXE,COULEUR)
    VALUES (61,6,6,1,'ROUGE');
    INSERT INTO DETAILCOMMANDE (IDCOMMANDE,IDARTICLE,QUANTITEARTICLE,PRIXARTICLEFIXE,COULEUR)
    VALUES (62,3,6,1,'ROUGE');
    INSERT INTO DETAILCOMMANDE (IDCOMMANDE,IDARTICLE,QUANTITEARTICLE,PRIXARTICLEFIXE,COULEUR)
    VALUES (63,41,6,1,'ROUGE');
    INSERT INTO DETAILCOMMANDE (IDCOMMANDE,IDARTICLE,QUANTITEARTICLE,PRIXARTICLEFIXE,COULEUR)
    VALUES (64,5,6,1,'ROUGE');
    INSERT INTO DETAILCOMMANDE (IDCOMMANDE,IDARTICLE,QUANTITEARTICLE,PRIXARTICLEFIXE,COULEUR)
    VALUES (65,2,10,1,'ROUGE');
    INSERT INTO DETAILCOMMANDE (IDCOMMANDE,IDARTICLE,QUANTITEARTICLE,PRIXARTICLEFIXE,COULEUR)
    VALUES (66,46,5,1,'ROUGE');
    INSERT INTO DETAILCOMMANDE (IDCOMMANDE,IDARTICLE,QUANTITEARTICLE,PRIXARTICLEFIXE,COULEUR)
    VALUES (67,28,4,1,'ROUGE');
    INSERT INTO DETAILCOMMANDE (IDCOMMANDE,IDARTICLE,QUANTITEARTICLE,PRIXARTICLEFIXE,COULEUR)
    VALUES (68,15,3,1,'ROUGE');
    INSERT INTO DETAILCOMMANDE (IDCOMMANDE,IDARTICLE,QUANTITEARTICLE,PRIXARTICLEFIXE,COULEUR)
    VALUES (69,11,4,1,'ROUGE');
    INSERT INTO DETAILCOMMANDE (IDCOMMANDE,IDARTICLE,QUANTITEARTICLE,PRIXARTICLEFIXE,COULEUR)
    VALUES (70,2,9,1,'ROUGE');
    INSERT INTO DETAILCOMMANDE (IDCOMMANDE,IDARTICLE,QUANTITEARTICLE,PRIXARTICLEFIXE,COULEUR)
    VALUES (71,31,3,1,'ROUGE');
    INSERT INTO DETAILCOMMANDE (IDCOMMANDE,IDARTICLE,QUANTITEARTICLE,PRIXARTICLEFIXE,COULEUR)
    VALUES (72,43,6,1,'ROUGE');
    INSERT INTO DETAILCOMMANDE (IDCOMMANDE,IDARTICLE,QUANTITEARTICLE,PRIXARTICLEFIXE,COULEUR)
    VALUES (73,3,3,1,'ROUGE');
    INSERT INTO DETAILCOMMANDE (IDCOMMANDE,IDARTICLE,QUANTITEARTICLE,PRIXARTICLEFIXE,COULEUR)
    VALUES (74,5,10,1,'ROUGE');
    INSERT INTO DETAILCOMMANDE (IDCOMMANDE,IDARTICLE,QUANTITEARTICLE,PRIXARTICLEFIXE,COULEUR)
    VALUES (75,10,7,1,'ROUGE');
    INSERT INTO DETAILCOMMANDE (IDCOMMANDE,IDARTICLE,QUANTITEARTICLE,PRIXARTICLEFIXE,COULEUR)
    VALUES (76,26,4,1,'ROUGE');
    INSERT INTO DETAILCOMMANDE (IDCOMMANDE,IDARTICLE,QUANTITEARTICLE,PRIXARTICLEFIXE,COULEUR)
    VALUES (77,33,6,1,'ROUGE');
    INSERT INTO DETAILCOMMANDE (IDCOMMANDE,IDARTICLE,QUANTITEARTICLE,PRIXARTICLEFIXE,COULEUR)
    VALUES (78,37,7,1,'ROUGE');
    INSERT INTO DETAILCOMMANDE (IDCOMMANDE,IDARTICLE,QUANTITEARTICLE,PRIXARTICLEFIXE,COULEUR)
    VALUES (79,4,9,1,'ROUGE');
    INSERT INTO DETAILCOMMANDE (IDCOMMANDE,IDARTICLE,QUANTITEARTICLE,PRIXARTICLEFIXE,COULEUR)
    VALUES (80,21,6,1,'ROUGE');
    INSERT INTO DETAILCOMMANDE (IDCOMMANDE,IDARTICLE,QUANTITEARTICLE,PRIXARTICLEFIXE,COULEUR)
    VALUES (81,28,3,1,'ROUGE');
    INSERT INTO DETAILCOMMANDE (IDCOMMANDE,IDARTICLE,QUANTITEARTICLE,PRIXARTICLEFIXE,COULEUR)
    VALUES (82,32,3,1,'ROUGE');
    INSERT INTO DETAILCOMMANDE (IDCOMMANDE,IDARTICLE,QUANTITEARTICLE,PRIXARTICLEFIXE,COULEUR)
    VALUES (83,43,9,1,'ROUGE');
    INSERT INTO DETAILCOMMANDE (IDCOMMANDE,IDARTICLE,QUANTITEARTICLE,PRIXARTICLEFIXE,COULEUR)
    VALUES (84,20,2,1,'ROUGE');
    INSERT INTO DETAILCOMMANDE (IDCOMMANDE,IDARTICLE,QUANTITEARTICLE,PRIXARTICLEFIXE,COULEUR)
    VALUES (85,1,8,1,'ROUGE');
    INSERT INTO DETAILCOMMANDE (IDCOMMANDE,IDARTICLE,QUANTITEARTICLE,PRIXARTICLEFIXE,COULEUR)
    VALUES (86,48,2,1,'ROUGE');
    INSERT INTO DETAILCOMMANDE (IDCOMMANDE,IDARTICLE,QUANTITEARTICLE,PRIXARTICLEFIXE,COULEUR)
    VALUES (87,26,6,1,'ROUGE');
    INSERT INTO DETAILCOMMANDE (IDCOMMANDE,IDARTICLE,QUANTITEARTICLE,PRIXARTICLEFIXE,COULEUR)
    VALUES (88,27,8,1,'ROUGE');
    INSERT INTO DETAILCOMMANDE (IDCOMMANDE,IDARTICLE,QUANTITEARTICLE,PRIXARTICLEFIXE,COULEUR)
    VALUES (89,43,5,1,'ROUGE');
    INSERT INTO DETAILCOMMANDE (IDCOMMANDE,IDARTICLE,QUANTITEARTICLE,PRIXARTICLEFIXE,COULEUR)
    VALUES (90,3,4,1,'ROUGE');
    INSERT INTO DETAILCOMMANDE (IDCOMMANDE,IDARTICLE,QUANTITEARTICLE,PRIXARTICLEFIXE,COULEUR)
    VALUES (91,17,8,1,'ROUGE');
    INSERT INTO DETAILCOMMANDE (IDCOMMANDE,IDARTICLE,QUANTITEARTICLE,PRIXARTICLEFIXE,COULEUR)
    VALUES (92,42,4,1,'ROUGE');
    INSERT INTO DETAILCOMMANDE (IDCOMMANDE,IDARTICLE,QUANTITEARTICLE,PRIXARTICLEFIXE,COULEUR)
    VALUES (93,16,3,1,'ROUGE');
    INSERT INTO DETAILCOMMANDE (IDCOMMANDE,IDARTICLE,QUANTITEARTICLE,PRIXARTICLEFIXE,COULEUR)
    VALUES (94,22,3,1,'ROUGE');
    INSERT INTO DETAILCOMMANDE (IDCOMMANDE,IDARTICLE,QUANTITEARTICLE,PRIXARTICLEFIXE,COULEUR)
    VALUES (95,10,8,1,'ROUGE');
    INSERT INTO DETAILCOMMANDE (IDCOMMANDE,IDARTICLE,QUANTITEARTICLE,PRIXARTICLEFIXE,COULEUR)
    VALUES (96,6,8,1,'ROUGE');
    INSERT INTO DETAILCOMMANDE (IDCOMMANDE,IDARTICLE,QUANTITEARTICLE,PRIXARTICLEFIXE,COULEUR)
    VALUES (97,18,5,1,'ROUGE');
    INSERT INTO DETAILCOMMANDE (IDCOMMANDE,IDARTICLE,QUANTITEARTICLE,PRIXARTICLEFIXE,COULEUR)
    VALUES (98,45,8,1,'ROUGE');
    INSERT INTO DETAILCOMMANDE (IDCOMMANDE,IDARTICLE,QUANTITEARTICLE,PRIXARTICLEFIXE,COULEUR)
    VALUES (99,8,10,1,'ROUGE');
    INSERT INTO DETAILCOMMANDE (IDCOMMANDE,IDARTICLE,QUANTITEARTICLE,PRIXARTICLEFIXE,COULEUR)
    VALUES (100,15,8,1,'ROUGE');

    INSERT INTO DETAILCOMMANDE (IDCOMMANDE,IDARTICLE,QUANTITEARTICLE,PRIXARTICLEFIXE,COULEUR)
    VALUES (1,47,8,1,'ROUGE');
    INSERT INTO DETAILCOMMANDE (IDCOMMANDE,IDARTICLE,QUANTITEARTICLE,PRIXARTICLEFIXE,COULEUR)
    VALUES (2,21,6,1,'ROUGE');
    INSERT INTO DETAILCOMMANDE (IDCOMMANDE,IDARTICLE,QUANTITEARTICLE,PRIXARTICLEFIXE,COULEUR)
    VALUES (3,24,8,1,'ROUGE');
    INSERT INTO DETAILCOMMANDE (IDCOMMANDE,IDARTICLE,QUANTITEARTICLE,PRIXARTICLEFIXE,COULEUR)
    VALUES (4,7,5,1,'ROUGE');
    INSERT INTO DETAILCOMMANDE (IDCOMMANDE,IDARTICLE,QUANTITEARTICLE,PRIXARTICLEFIXE,COULEUR)
    VALUES (5,19,3,1,'ROUGE');
    INSERT INTO DETAILCOMMANDE (IDCOMMANDE,IDARTICLE,QUANTITEARTICLE,PRIXARTICLEFIXE,COULEUR)
    VALUES (6,29,5,1,'ROUGE');
    INSERT INTO DETAILCOMMANDE (IDCOMMANDE,IDARTICLE,QUANTITEARTICLE,PRIXARTICLEFIXE,COULEUR)
    VALUES (7,49,10,1,'ROUGE');
    INSERT INTO DETAILCOMMANDE (IDCOMMANDE,IDARTICLE,QUANTITEARTICLE,PRIXARTICLEFIXE,COULEUR)
    VALUES (8,42,7,1,'ROUGE');
    INSERT INTO DETAILCOMMANDE (IDCOMMANDE,IDARTICLE,QUANTITEARTICLE,PRIXARTICLEFIXE,COULEUR)
    VALUES (9,26,8,1,'ROUGE');
    INSERT INTO DETAILCOMMANDE (IDCOMMANDE,IDARTICLE,QUANTITEARTICLE,PRIXARTICLEFIXE,COULEUR)
    VALUES (10,38,5,1,'ROUGE');
    INSERT INTO DETAILCOMMANDE (IDCOMMANDE,IDARTICLE,QUANTITEARTICLE,PRIXARTICLEFIXE,COULEUR)
    VALUES (11,18,3,1,'ROUGE');
    INSERT INTO DETAILCOMMANDE (IDCOMMANDE,IDARTICLE,QUANTITEARTICLE,PRIXARTICLEFIXE,COULEUR)
    VALUES (12,36,9,1,'ROUGE');
    INSERT INTO DETAILCOMMANDE (IDCOMMANDE,IDARTICLE,QUANTITEARTICLE,PRIXARTICLEFIXE,COULEUR)
    VALUES (13,20,3,1,'ROUGE');
    INSERT INTO DETAILCOMMANDE (IDCOMMANDE,IDARTICLE,QUANTITEARTICLE,PRIXARTICLEFIXE,COULEUR)
    VALUES (14,30,7,1,'ROUGE');
    INSERT INTO DETAILCOMMANDE (IDCOMMANDE,IDARTICLE,QUANTITEARTICLE,PRIXARTICLEFIXE,COULEUR)
    VALUES (15,21,5,1,'ROUGE');
    INSERT INTO DETAILCOMMANDE (IDCOMMANDE,IDARTICLE,QUANTITEARTICLE,PRIXARTICLEFIXE,COULEUR)
    VALUES (16,18,4,1,'ROUGE');
    INSERT INTO DETAILCOMMANDE (IDCOMMANDE,IDARTICLE,QUANTITEARTICLE,PRIXARTICLEFIXE,COULEUR)
    VALUES (17,43,4,1,'ROUGE');
    INSERT INTO DETAILCOMMANDE (IDCOMMANDE,IDARTICLE,QUANTITEARTICLE,PRIXARTICLEFIXE,COULEUR)
    VALUES (18,44,7,1,'ROUGE');
    INSERT INTO DETAILCOMMANDE (IDCOMMANDE,IDARTICLE,QUANTITEARTICLE,PRIXARTICLEFIXE,COULEUR)
    VALUES (19,18,4,1,'ROUGE');
    INSERT INTO DETAILCOMMANDE (IDCOMMANDE,IDARTICLE,QUANTITEARTICLE,PRIXARTICLEFIXE,COULEUR)
    VALUES (20,3,5,1,'ROUGE');
    INSERT INTO DETAILCOMMANDE (IDCOMMANDE,IDARTICLE,QUANTITEARTICLE,PRIXARTICLEFIXE,COULEUR)
    VALUES (21,42,4,1,'ROUGE');
    INSERT INTO DETAILCOMMANDE (IDCOMMANDE,IDARTICLE,QUANTITEARTICLE,PRIXARTICLEFIXE,COULEUR)
    VALUES (22,4,8,1,'ROUGE');
    INSERT INTO DETAILCOMMANDE (IDCOMMANDE,IDARTICLE,QUANTITEARTICLE,PRIXARTICLEFIXE,COULEUR)
    VALUES (23,12,3,1,'ROUGE');
    INSERT INTO DETAILCOMMANDE (IDCOMMANDE,IDARTICLE,QUANTITEARTICLE,PRIXARTICLEFIXE,COULEUR)
    VALUES (24,29,8,1,'ROUGE');
    INSERT INTO DETAILCOMMANDE (IDCOMMANDE,IDARTICLE,QUANTITEARTICLE,PRIXARTICLEFIXE,COULEUR)
    VALUES (25,48,10,1,'ROUGE');
    INSERT INTO DETAILCOMMANDE (IDCOMMANDE,IDARTICLE,QUANTITEARTICLE,PRIXARTICLEFIXE,COULEUR)
    VALUES (26,47,5,1,'ROUGE');
    INSERT INTO DETAILCOMMANDE (IDCOMMANDE,IDARTICLE,QUANTITEARTICLE,PRIXARTICLEFIXE,COULEUR)
    VALUES (27,3,7,1,'ROUGE');
    INSERT INTO DETAILCOMMANDE (IDCOMMANDE,IDARTICLE,QUANTITEARTICLE,PRIXARTICLEFIXE,COULEUR)
    VALUES (28,18,7,1,'ROUGE');
    INSERT INTO DETAILCOMMANDE (IDCOMMANDE,IDARTICLE,QUANTITEARTICLE,PRIXARTICLEFIXE,COULEUR)
    VALUES (29,17,9,1,'ROUGE');
    INSERT INTO DETAILCOMMANDE (IDCOMMANDE,IDARTICLE,QUANTITEARTICLE,PRIXARTICLEFIXE,COULEUR)
    VALUES (30,13,7,1,'ROUGE');
    INSERT INTO DETAILCOMMANDE (IDCOMMANDE,IDARTICLE,QUANTITEARTICLE,PRIXARTICLEFIXE,COULEUR)
    VALUES (31,23,3,1,'ROUGE');
    INSERT INTO DETAILCOMMANDE (IDCOMMANDE,IDARTICLE,QUANTITEARTICLE,PRIXARTICLEFIXE,COULEUR)
    VALUES (32,43,6,1,'ROUGE');
    INSERT INTO DETAILCOMMANDE (IDCOMMANDE,IDARTICLE,QUANTITEARTICLE,PRIXARTICLEFIXE,COULEUR)
    VALUES (33,19,4,1,'ROUGE');
    INSERT INTO DETAILCOMMANDE (IDCOMMANDE,IDARTICLE,QUANTITEARTICLE,PRIXARTICLEFIXE,COULEUR)
    VALUES (34,11,10,1,'ROUGE');
    INSERT INTO DETAILCOMMANDE (IDCOMMANDE,IDARTICLE,QUANTITEARTICLE,PRIXARTICLEFIXE,COULEUR)
    VALUES (35,50,6,1,'ROUGE');
    INSERT INTO DETAILCOMMANDE (IDCOMMANDE,IDARTICLE,QUANTITEARTICLE,PRIXARTICLEFIXE,COULEUR)
    VALUES (36,41,7,1,'ROUGE');
    INSERT INTO DETAILCOMMANDE (IDCOMMANDE,IDARTICLE,QUANTITEARTICLE,PRIXARTICLEFIXE,COULEUR)
    VALUES (37,31,6,1,'ROUGE');
    INSERT INTO DETAILCOMMANDE (IDCOMMANDE,IDARTICLE,QUANTITEARTICLE,PRIXARTICLEFIXE,COULEUR)
    VALUES (38,37,3,1,'ROUGE');
    INSERT INTO DETAILCOMMANDE (IDCOMMANDE,IDARTICLE,QUANTITEARTICLE,PRIXARTICLEFIXE,COULEUR)
    VALUES (39,43,4,1,'ROUGE');
    INSERT INTO DETAILCOMMANDE (IDCOMMANDE,IDARTICLE,QUANTITEARTICLE,PRIXARTICLEFIXE,COULEUR)
    VALUES (40,26,6,1,'ROUGE');
    INSERT INTO DETAILCOMMANDE (IDCOMMANDE,IDARTICLE,QUANTITEARTICLE,PRIXARTICLEFIXE,COULEUR)
    VALUES (41,7,4,1,'ROUGE');
    INSERT INTO DETAILCOMMANDE (IDCOMMANDE,IDARTICLE,QUANTITEARTICLE,PRIXARTICLEFIXE,COULEUR)
    VALUES (42,42,6,1,'ROUGE');
    INSERT INTO DETAILCOMMANDE (IDCOMMANDE,IDARTICLE,QUANTITEARTICLE,PRIXARTICLEFIXE,COULEUR)
    VALUES (43,47,4,1,'ROUGE');
    INSERT INTO DETAILCOMMANDE (IDCOMMANDE,IDARTICLE,QUANTITEARTICLE,PRIXARTICLEFIXE,COULEUR)
    VALUES (44,50,10,1,'ROUGE');
    INSERT INTO DETAILCOMMANDE (IDCOMMANDE,IDARTICLE,QUANTITEARTICLE,PRIXARTICLEFIXE,COULEUR)
    VALUES (45,1,7,1,'ROUGE');
    INSERT INTO DETAILCOMMANDE (IDCOMMANDE,IDARTICLE,QUANTITEARTICLE,PRIXARTICLEFIXE,COULEUR)
    VALUES (46,40,4,1,'ROUGE');
    INSERT INTO DETAILCOMMANDE (IDCOMMANDE,IDARTICLE,QUANTITEARTICLE,PRIXARTICLEFIXE,COULEUR)
    VALUES (47,44,4,1,'ROUGE');
    INSERT INTO DETAILCOMMANDE (IDCOMMANDE,IDARTICLE,QUANTITEARTICLE,PRIXARTICLEFIXE,COULEUR)
    VALUES (48,46,6,1,'ROUGE');
    INSERT INTO DETAILCOMMANDE (IDCOMMANDE,IDARTICLE,QUANTITEARTICLE,PRIXARTICLEFIXE,COULEUR)
    VALUES (49,13,9,1,'ROUGE');
    INSERT INTO DETAILCOMMANDE (IDCOMMANDE,IDARTICLE,QUANTITEARTICLE,PRIXARTICLEFIXE,COULEUR)
    VALUES (50,36,6,1,'ROUGE');
    INSERT INTO DETAILCOMMANDE (IDCOMMANDE,IDARTICLE,QUANTITEARTICLE,PRIXARTICLEFIXE,COULEUR)
    VALUES (51,5,4,1,'ROUGE');
    INSERT INTO DETAILCOMMANDE (IDCOMMANDE,IDARTICLE,QUANTITEARTICLE,PRIXARTICLEFIXE,COULEUR)
    VALUES (52,33,6,1,'ROUGE');
    INSERT INTO DETAILCOMMANDE (IDCOMMANDE,IDARTICLE,QUANTITEARTICLE,PRIXARTICLEFIXE,COULEUR)
    VALUES (53,27,8,1,'ROUGE');
    INSERT INTO DETAILCOMMANDE (IDCOMMANDE,IDARTICLE,QUANTITEARTICLE,PRIXARTICLEFIXE,COULEUR)
    VALUES (54,35,5,1,'ROUGE');
    INSERT INTO DETAILCOMMANDE (IDCOMMANDE,IDARTICLE,QUANTITEARTICLE,PRIXARTICLEFIXE,COULEUR)
    VALUES (55,11,3,1,'ROUGE');
    INSERT INTO DETAILCOMMANDE (IDCOMMANDE,IDARTICLE,QUANTITEARTICLE,PRIXARTICLEFIXE,COULEUR)
    VALUES (56,1,4,1,'ROUGE');
    INSERT INTO DETAILCOMMANDE (IDCOMMANDE,IDARTICLE,QUANTITEARTICLE,PRIXARTICLEFIXE,COULEUR)
    VALUES (57,16,9,1,'ROUGE');
    INSERT INTO DETAILCOMMANDE (IDCOMMANDE,IDARTICLE,QUANTITEARTICLE,PRIXARTICLEFIXE,COULEUR)
    VALUES (58,16,10,1,'ROUGE');
    INSERT INTO DETAILCOMMANDE (IDCOMMANDE,IDARTICLE,QUANTITEARTICLE,PRIXARTICLEFIXE,COULEUR)
    VALUES (59,15,5,1,'ROUGE');
    INSERT INTO DETAILCOMMANDE (IDCOMMANDE,IDARTICLE,QUANTITEARTICLE,PRIXARTICLEFIXE,COULEUR)
    VALUES (60,39,8,1,'ROUGE');
    INSERT INTO DETAILCOMMANDE (IDCOMMANDE,IDARTICLE,QUANTITEARTICLE,PRIXARTICLEFIXE,COULEUR)
    VALUES (61,16,2,1,'ROUGE');
    INSERT INTO DETAILCOMMANDE (IDCOMMANDE,IDARTICLE,QUANTITEARTICLE,PRIXARTICLEFIXE,COULEUR)
    VALUES (62,18,4,1,'ROUGE');
    INSERT INTO DETAILCOMMANDE (IDCOMMANDE,IDARTICLE,QUANTITEARTICLE,PRIXARTICLEFIXE,COULEUR)
    VALUES (63,24,8,1,'ROUGE');
    INSERT INTO DETAILCOMMANDE (IDCOMMANDE,IDARTICLE,QUANTITEARTICLE,PRIXARTICLEFIXE,COULEUR)
    VALUES (64,12,6,1,'ROUGE');
    INSERT INTO DETAILCOMMANDE (IDCOMMANDE,IDARTICLE,QUANTITEARTICLE,PRIXARTICLEFIXE,COULEUR)
    VALUES (65,4,4,1,'ROUGE');
    INSERT INTO DETAILCOMMANDE (IDCOMMANDE,IDARTICLE,QUANTITEARTICLE,PRIXARTICLEFIXE,COULEUR)
    VALUES (66,24,9,1,'ROUGE');
    INSERT INTO DETAILCOMMANDE (IDCOMMANDE,IDARTICLE,QUANTITEARTICLE,PRIXARTICLEFIXE,COULEUR)
    VALUES (67,14,5,1,'ROUGE');
    INSERT INTO DETAILCOMMANDE (IDCOMMANDE,IDARTICLE,QUANTITEARTICLE,PRIXARTICLEFIXE,COULEUR)
    VALUES (68,31,6,1,'ROUGE');
    INSERT INTO DETAILCOMMANDE (IDCOMMANDE,IDARTICLE,QUANTITEARTICLE,PRIXARTICLEFIXE,COULEUR)
    VALUES (69,16,4,1,'ROUGE');
    INSERT INTO DETAILCOMMANDE (IDCOMMANDE,IDARTICLE,QUANTITEARTICLE,PRIXARTICLEFIXE,COULEUR)
    VALUES (70,32,8,1,'ROUGE');
    INSERT INTO DETAILCOMMANDE (IDCOMMANDE,IDARTICLE,QUANTITEARTICLE,PRIXARTICLEFIXE,COULEUR)
    VALUES (71,22,5,1,'ROUGE');
    INSERT INTO DETAILCOMMANDE (IDCOMMANDE,IDARTICLE,QUANTITEARTICLE,PRIXARTICLEFIXE,COULEUR)
    VALUES (72,44,2,1,'ROUGE');
    INSERT INTO DETAILCOMMANDE (IDCOMMANDE,IDARTICLE,QUANTITEARTICLE,PRIXARTICLEFIXE,COULEUR)
    VALUES (73,19,8,1,'ROUGE');
    INSERT INTO DETAILCOMMANDE (IDCOMMANDE,IDARTICLE,QUANTITEARTICLE,PRIXARTICLEFIXE,COULEUR)
    VALUES (74,32,2,1,'ROUGE');
    INSERT INTO DETAILCOMMANDE (IDCOMMANDE,IDARTICLE,QUANTITEARTICLE,PRIXARTICLEFIXE,COULEUR)
    VALUES (75,12,4,1,'ROUGE');
    INSERT INTO DETAILCOMMANDE (IDCOMMANDE,IDARTICLE,QUANTITEARTICLE,PRIXARTICLEFIXE,COULEUR)
    VALUES (76,43,9,1,'ROUGE');
    INSERT INTO DETAILCOMMANDE (IDCOMMANDE,IDARTICLE,QUANTITEARTICLE,PRIXARTICLEFIXE,COULEUR)
    VALUES (77,38,8,1,'ROUGE');
    INSERT INTO DETAILCOMMANDE (IDCOMMANDE,IDARTICLE,QUANTITEARTICLE,PRIXARTICLEFIXE,COULEUR)
    VALUES (78,47,7,1,'ROUGE');
    INSERT INTO DETAILCOMMANDE (IDCOMMANDE,IDARTICLE,QUANTITEARTICLE,PRIXARTICLEFIXE,COULEUR)
    VALUES (79,47,9,1,'ROUGE');
    INSERT INTO DETAILCOMMANDE (IDCOMMANDE,IDARTICLE,QUANTITEARTICLE,PRIXARTICLEFIXE,COULEUR)
    VALUES (80,22,4,1,'ROUGE');
    INSERT INTO DETAILCOMMANDE (IDCOMMANDE,IDARTICLE,QUANTITEARTICLE,PRIXARTICLEFIXE,COULEUR)
    VALUES (81,3,10,1,'ROUGE');
    INSERT INTO DETAILCOMMANDE (IDCOMMANDE,IDARTICLE,QUANTITEARTICLE,PRIXARTICLEFIXE,COULEUR)
    VALUES (82,37,6,1,'ROUGE');
    INSERT INTO DETAILCOMMANDE (IDCOMMANDE,IDARTICLE,QUANTITEARTICLE,PRIXARTICLEFIXE,COULEUR)
    VALUES (83,4,5,1,'ROUGE');
    INSERT INTO DETAILCOMMANDE (IDCOMMANDE,IDARTICLE,QUANTITEARTICLE,PRIXARTICLEFIXE,COULEUR)
    VALUES (84,10,10,1,'ROUGE');
    INSERT INTO DETAILCOMMANDE (IDCOMMANDE,IDARTICLE,QUANTITEARTICLE,PRIXARTICLEFIXE,COULEUR)
    VALUES (85,22,7,1,'ROUGE');
    INSERT INTO DETAILCOMMANDE (IDCOMMANDE,IDARTICLE,QUANTITEARTICLE,PRIXARTICLEFIXE,COULEUR)
    VALUES (86,36,7,1,'ROUGE');
    INSERT INTO DETAILCOMMANDE (IDCOMMANDE,IDARTICLE,QUANTITEARTICLE,PRIXARTICLEFIXE,COULEUR)
    VALUES (87,16,9,1,'ROUGE');
    INSERT INTO DETAILCOMMANDE (IDCOMMANDE,IDARTICLE,QUANTITEARTICLE,PRIXARTICLEFIXE,COULEUR)
    VALUES (88,12,2,1,'ROUGE');
    INSERT INTO DETAILCOMMANDE (IDCOMMANDE,IDARTICLE,QUANTITEARTICLE,PRIXARTICLEFIXE,COULEUR)
    VALUES (89,27,7,1,'ROUGE');
    INSERT INTO DETAILCOMMANDE (IDCOMMANDE,IDARTICLE,QUANTITEARTICLE,PRIXARTICLEFIXE,COULEUR)
    VALUES (90,11,5,1,'ROUGE');
    INSERT INTO DETAILCOMMANDE (IDCOMMANDE,IDARTICLE,QUANTITEARTICLE,PRIXARTICLEFIXE,COULEUR)
    VALUES (91,32,4,1,'ROUGE');
    INSERT INTO DETAILCOMMANDE (IDCOMMANDE,IDARTICLE,QUANTITEARTICLE,PRIXARTICLEFIXE,COULEUR)
    VALUES (92,28,10,1,'ROUGE');
    INSERT INTO DETAILCOMMANDE (IDCOMMANDE,IDARTICLE,QUANTITEARTICLE,PRIXARTICLEFIXE,COULEUR)
    VALUES (93,19,6,1,'ROUGE');
    INSERT INTO DETAILCOMMANDE (IDCOMMANDE,IDARTICLE,QUANTITEARTICLE,PRIXARTICLEFIXE,COULEUR)
    VALUES (94,12,9,1,'ROUGE');
    INSERT INTO DETAILCOMMANDE (IDCOMMANDE,IDARTICLE,QUANTITEARTICLE,PRIXARTICLEFIXE,COULEUR)
    VALUES (95,21,4,1,'ROUGE');
    INSERT INTO DETAILCOMMANDE (IDCOMMANDE,IDARTICLE,QUANTITEARTICLE,PRIXARTICLEFIXE,COULEUR)
    VALUES (96,30,5,1,'ROUGE');
    INSERT INTO DETAILCOMMANDE (IDCOMMANDE,IDARTICLE,QUANTITEARTICLE,PRIXARTICLEFIXE,COULEUR)
    VALUES (97,10,5,1,'ROUGE');
    INSERT INTO DETAILCOMMANDE (IDCOMMANDE,IDARTICLE,QUANTITEARTICLE,PRIXARTICLEFIXE,COULEUR)
    VALUES (98,16,4,1,'ROUGE');
    INSERT INTO DETAILCOMMANDE (IDCOMMANDE,IDARTICLE,QUANTITEARTICLE,PRIXARTICLEFIXE,COULEUR)
    VALUES (99,49,7,1,'ROUGE');
    INSERT INTO DETAILCOMMANDE (IDCOMMANDE,IDARTICLE,QUANTITEARTICLE,PRIXARTICLEFIXE,COULEUR)
    VALUES (100,46,3,1,'ROUGE');

    INSERT INTO DETAILCOMMANDE (IDCOMMANDE,IDARTICLE,QUANTITEARTICLE,PRIXARTICLEFIXE,COULEUR)
    VALUES (1,3,7,1,'ROUGE');
    INSERT INTO DETAILCOMMANDE (IDCOMMANDE,IDARTICLE,QUANTITEARTICLE,PRIXARTICLEFIXE,COULEUR)
    VALUES (2,35,9,1,'ROUGE');
    INSERT INTO DETAILCOMMANDE (IDCOMMANDE,IDARTICLE,QUANTITEARTICLE,PRIXARTICLEFIXE,COULEUR)
    VALUES (3,43,9,1,'ROUGE');
    INSERT INTO DETAILCOMMANDE (IDCOMMANDE,IDARTICLE,QUANTITEARTICLE,PRIXARTICLEFIXE,COULEUR)
    VALUES (4,20,5,1,'ROUGE');
    INSERT INTO DETAILCOMMANDE (IDCOMMANDE,IDARTICLE,QUANTITEARTICLE,PRIXARTICLEFIXE,COULEUR)
    VALUES (5,31,2,1,'ROUGE');
    INSERT INTO DETAILCOMMANDE (IDCOMMANDE,IDARTICLE,QUANTITEARTICLE,PRIXARTICLEFIXE,COULEUR)
    VALUES (6,4,6,1,'ROUGE');
    INSERT INTO DETAILCOMMANDE (IDCOMMANDE,IDARTICLE,QUANTITEARTICLE,PRIXARTICLEFIXE,COULEUR)
    VALUES (7,46,5,1,'ROUGE');
    INSERT INTO DETAILCOMMANDE (IDCOMMANDE,IDARTICLE,QUANTITEARTICLE,PRIXARTICLEFIXE,COULEUR)
    VALUES (8,7,5,1,'ROUGE');
    INSERT INTO DETAILCOMMANDE (IDCOMMANDE,IDARTICLE,QUANTITEARTICLE,PRIXARTICLEFIXE,COULEUR)
    VALUES (9,12,8,1,'ROUGE');
    INSERT INTO DETAILCOMMANDE (IDCOMMANDE,IDARTICLE,QUANTITEARTICLE,PRIXARTICLEFIXE,COULEUR)
    VALUES (10,24,6,1,'ROUGE');
    INSERT INTO DETAILCOMMANDE (IDCOMMANDE,IDARTICLE,QUANTITEARTICLE,PRIXARTICLEFIXE,COULEUR)
    VALUES (11,49,9,1,'ROUGE');
    INSERT INTO DETAILCOMMANDE (IDCOMMANDE,IDARTICLE,QUANTITEARTICLE,PRIXARTICLEFIXE,COULEUR)
    VALUES (12,15,8,1,'ROUGE');
    INSERT INTO DETAILCOMMANDE (IDCOMMANDE,IDARTICLE,QUANTITEARTICLE,PRIXARTICLEFIXE,COULEUR)
    VALUES (13,39,6,1,'ROUGE');
    INSERT INTO DETAILCOMMANDE (IDCOMMANDE,IDARTICLE,QUANTITEARTICLE,PRIXARTICLEFIXE,COULEUR)
    VALUES (14,12,2,1,'ROUGE');
    INSERT INTO DETAILCOMMANDE (IDCOMMANDE,IDARTICLE,QUANTITEARTICLE,PRIXARTICLEFIXE,COULEUR)
    VALUES (15,33,3,1,'ROUGE');
    INSERT INTO DETAILCOMMANDE (IDCOMMANDE,IDARTICLE,QUANTITEARTICLE,PRIXARTICLEFIXE,COULEUR)
    VALUES (16,39,8,1,'ROUGE');
    INSERT INTO DETAILCOMMANDE (IDCOMMANDE,IDARTICLE,QUANTITEARTICLE,PRIXARTICLEFIXE,COULEUR)
    VALUES (17,19,3,1,'ROUGE');
    INSERT INTO DETAILCOMMANDE (IDCOMMANDE,IDARTICLE,QUANTITEARTICLE,PRIXARTICLEFIXE,COULEUR)
    VALUES (18,37,8,1,'ROUGE');
    INSERT INTO DETAILCOMMANDE (IDCOMMANDE,IDARTICLE,QUANTITEARTICLE,PRIXARTICLEFIXE,COULEUR)
    VALUES (19,44,4,1,'ROUGE');
    INSERT INTO DETAILCOMMANDE (IDCOMMANDE,IDARTICLE,QUANTITEARTICLE,PRIXARTICLEFIXE,COULEUR)
    VALUES (20,27,3,1,'ROUGE');
    INSERT INTO DETAILCOMMANDE (IDCOMMANDE,IDARTICLE,QUANTITEARTICLE,PRIXARTICLEFIXE,COULEUR)
    VALUES (21,16,9,1,'ROUGE');
    INSERT INTO DETAILCOMMANDE (IDCOMMANDE,IDARTICLE,QUANTITEARTICLE,PRIXARTICLEFIXE,COULEUR)
    VALUES (22,35,9,1,'ROUGE');
    INSERT INTO DETAILCOMMANDE (IDCOMMANDE,IDARTICLE,QUANTITEARTICLE,PRIXARTICLEFIXE,COULEUR)
    VALUES (23,44,8,1,'ROUGE');
    INSERT INTO DETAILCOMMANDE (IDCOMMANDE,IDARTICLE,QUANTITEARTICLE,PRIXARTICLEFIXE,COULEUR)
    VALUES (24,16,7,1,'ROUGE');
    INSERT INTO DETAILCOMMANDE (IDCOMMANDE,IDARTICLE,QUANTITEARTICLE,PRIXARTICLEFIXE,COULEUR)
    VALUES (25,7,5,1,'ROUGE');
    INSERT INTO DETAILCOMMANDE (IDCOMMANDE,IDARTICLE,QUANTITEARTICLE,PRIXARTICLEFIXE,COULEUR)
    VALUES (26,3,8,1,'ROUGE');
    INSERT INTO DETAILCOMMANDE (IDCOMMANDE,IDARTICLE,QUANTITEARTICLE,PRIXARTICLEFIXE,COULEUR)
    VALUES (27,9,9,1,'ROUGE');
    INSERT INTO DETAILCOMMANDE (IDCOMMANDE,IDARTICLE,QUANTITEARTICLE,PRIXARTICLEFIXE,COULEUR)
    VALUES (28,43,3,1,'ROUGE');
    INSERT INTO DETAILCOMMANDE (IDCOMMANDE,IDARTICLE,QUANTITEARTICLE,PRIXARTICLEFIXE,COULEUR)
    VALUES (29,37,4,1,'ROUGE');
    INSERT INTO DETAILCOMMANDE (IDCOMMANDE,IDARTICLE,QUANTITEARTICLE,PRIXARTICLEFIXE,COULEUR)
    VALUES (30,45,10,1,'ROUGE');
    INSERT INTO DETAILCOMMANDE (IDCOMMANDE,IDARTICLE,QUANTITEARTICLE,PRIXARTICLEFIXE,COULEUR)
    VALUES (31,35,7,1,'ROUGE');
    INSERT INTO DETAILCOMMANDE (IDCOMMANDE,IDARTICLE,QUANTITEARTICLE,PRIXARTICLEFIXE,COULEUR)
    VALUES (32,11,9,1,'ROUGE');
    INSERT INTO DETAILCOMMANDE (IDCOMMANDE,IDARTICLE,QUANTITEARTICLE,PRIXARTICLEFIXE,COULEUR)
    VALUES (33,32,2,1,'ROUGE');
    INSERT INTO DETAILCOMMANDE (IDCOMMANDE,IDARTICLE,QUANTITEARTICLE,PRIXARTICLEFIXE,COULEUR)
    VALUES (34,16,9,1,'ROUGE');
    INSERT INTO DETAILCOMMANDE (IDCOMMANDE,IDARTICLE,QUANTITEARTICLE,PRIXARTICLEFIXE,COULEUR)
    VALUES (35,33,4,1,'ROUGE');
    INSERT INTO DETAILCOMMANDE (IDCOMMANDE,IDARTICLE,QUANTITEARTICLE,PRIXARTICLEFIXE,COULEUR)
    VALUES (36,33,6,1,'ROUGE');
    INSERT INTO DETAILCOMMANDE (IDCOMMANDE,IDARTICLE,QUANTITEARTICLE,PRIXARTICLEFIXE,COULEUR)
    VALUES (37,24,4,1,'ROUGE');
    INSERT INTO DETAILCOMMANDE (IDCOMMANDE,IDARTICLE,QUANTITEARTICLE,PRIXARTICLEFIXE,COULEUR)
    VALUES (38,12,3,1,'ROUGE');
    INSERT INTO DETAILCOMMANDE (IDCOMMANDE,IDARTICLE,QUANTITEARTICLE,PRIXARTICLEFIXE,COULEUR)
    VALUES (39,29,5,1,'ROUGE');
    INSERT INTO DETAILCOMMANDE (IDCOMMANDE,IDARTICLE,QUANTITEARTICLE,PRIXARTICLEFIXE,COULEUR)
    VALUES (40,35,3,1,'ROUGE');
    INSERT INTO DETAILCOMMANDE (IDCOMMANDE,IDARTICLE,QUANTITEARTICLE,PRIXARTICLEFIXE,COULEUR)
    VALUES (41,39,2,1,'ROUGE');
    INSERT INTO DETAILCOMMANDE (IDCOMMANDE,IDARTICLE,QUANTITEARTICLE,PRIXARTICLEFIXE,COULEUR)
    VALUES (42,40,3,1,'ROUGE');
    INSERT INTO DETAILCOMMANDE (IDCOMMANDE,IDARTICLE,QUANTITEARTICLE,PRIXARTICLEFIXE,COULEUR)
    VALUES (43,13,4,1,'ROUGE');
    INSERT INTO DETAILCOMMANDE (IDCOMMANDE,IDARTICLE,QUANTITEARTICLE,PRIXARTICLEFIXE,COULEUR)
    VALUES (44,7,7,1,'ROUGE');
    INSERT INTO DETAILCOMMANDE (IDCOMMANDE,IDARTICLE,QUANTITEARTICLE,PRIXARTICLEFIXE,COULEUR)
    VALUES (45,11,3,1,'ROUGE');
    INSERT INTO DETAILCOMMANDE (IDCOMMANDE,IDARTICLE,QUANTITEARTICLE,PRIXARTICLEFIXE,COULEUR)
    VALUES (46,24,4,1,'ROUGE');
    INSERT INTO DETAILCOMMANDE (IDCOMMANDE,IDARTICLE,QUANTITEARTICLE,PRIXARTICLEFIXE,COULEUR)
    VALUES (47,23,8,1,'ROUGE');
    INSERT INTO DETAILCOMMANDE (IDCOMMANDE,IDARTICLE,QUANTITEARTICLE,PRIXARTICLEFIXE,COULEUR)
    VALUES (48,23,4,1,'ROUGE');
    INSERT INTO DETAILCOMMANDE (IDCOMMANDE,IDARTICLE,QUANTITEARTICLE,PRIXARTICLEFIXE,COULEUR)
    VALUES (49,27,4,1,'ROUGE');
    INSERT INTO DETAILCOMMANDE (IDCOMMANDE,IDARTICLE,QUANTITEARTICLE,PRIXARTICLEFIXE,COULEUR)
    VALUES (50,40,6,1,'ROUGE');
    INSERT INTO DETAILCOMMANDE (IDCOMMANDE,IDARTICLE,QUANTITEARTICLE,PRIXARTICLEFIXE,COULEUR)
    VALUES (51,12,9,1,'ROUGE');
    INSERT INTO DETAILCOMMANDE (IDCOMMANDE,IDARTICLE,QUANTITEARTICLE,PRIXARTICLEFIXE,COULEUR)
    VALUES (52,5,8,1,'ROUGE');
    INSERT INTO DETAILCOMMANDE (IDCOMMANDE,IDARTICLE,QUANTITEARTICLE,PRIXARTICLEFIXE,COULEUR)
    VALUES (53,10,3,1,'ROUGE');
    INSERT INTO DETAILCOMMANDE (IDCOMMANDE,IDARTICLE,QUANTITEARTICLE,PRIXARTICLEFIXE,COULEUR)
    VALUES (54,18,6,1,'ROUGE');
    INSERT INTO DETAILCOMMANDE (IDCOMMANDE,IDARTICLE,QUANTITEARTICLE,PRIXARTICLEFIXE,COULEUR)
    VALUES (55,31,2,1,'ROUGE');
    INSERT INTO DETAILCOMMANDE (IDCOMMANDE,IDARTICLE,QUANTITEARTICLE,PRIXARTICLEFIXE,COULEUR)
    VALUES (56,41,7,1,'ROUGE');
    INSERT INTO DETAILCOMMANDE (IDCOMMANDE,IDARTICLE,QUANTITEARTICLE,PRIXARTICLEFIXE,COULEUR)
    VALUES (57,46,9,1,'ROUGE');
    INSERT INTO DETAILCOMMANDE (IDCOMMANDE,IDARTICLE,QUANTITEARTICLE,PRIXARTICLEFIXE,COULEUR)
    VALUES (58,44,2,1,'ROUGE');
    INSERT INTO DETAILCOMMANDE (IDCOMMANDE,IDARTICLE,QUANTITEARTICLE,PRIXARTICLEFIXE,COULEUR)
    VALUES (59,29,4,1,'ROUGE');
    INSERT INTO DETAILCOMMANDE (IDCOMMANDE,IDARTICLE,QUANTITEARTICLE,PRIXARTICLEFIXE,COULEUR)
    VALUES (60,40,8,1,'ROUGE');
    INSERT INTO DETAILCOMMANDE (IDCOMMANDE,IDARTICLE,QUANTITEARTICLE,PRIXARTICLEFIXE,COULEUR)
    VALUES (61,8,3,1,'ROUGE');
    INSERT INTO DETAILCOMMANDE (IDCOMMANDE,IDARTICLE,QUANTITEARTICLE,PRIXARTICLEFIXE,COULEUR)
    VALUES (62,25,5,1,'ROUGE');
    INSERT INTO DETAILCOMMANDE (IDCOMMANDE,IDARTICLE,QUANTITEARTICLE,PRIXARTICLEFIXE,COULEUR)
    VALUES (63,44,10,1,'ROUGE');
    INSERT INTO DETAILCOMMANDE (IDCOMMANDE,IDARTICLE,QUANTITEARTICLE,PRIXARTICLEFIXE,COULEUR)
    VALUES (64,27,5,1,'ROUGE');
    INSERT INTO DETAILCOMMANDE (IDCOMMANDE,IDARTICLE,QUANTITEARTICLE,PRIXARTICLEFIXE,COULEUR)
    VALUES (65,25,5,1,'ROUGE');
    INSERT INTO DETAILCOMMANDE (IDCOMMANDE,IDARTICLE,QUANTITEARTICLE,PRIXARTICLEFIXE,COULEUR)
    VALUES (66,19,6,1,'ROUGE');
    INSERT INTO DETAILCOMMANDE (IDCOMMANDE,IDARTICLE,QUANTITEARTICLE,PRIXARTICLEFIXE,COULEUR)
    VALUES (67,21,6,1,'ROUGE');
    INSERT INTO DETAILCOMMANDE (IDCOMMANDE,IDARTICLE,QUANTITEARTICLE,PRIXARTICLEFIXE,COULEUR)
    VALUES (68,50,4,1,'ROUGE');
    INSERT INTO DETAILCOMMANDE (IDCOMMANDE,IDARTICLE,QUANTITEARTICLE,PRIXARTICLEFIXE,COULEUR)
    VALUES (69,17,8,1,'ROUGE');
    INSERT INTO DETAILCOMMANDE (IDCOMMANDE,IDARTICLE,QUANTITEARTICLE,PRIXARTICLEFIXE,COULEUR)
    VALUES (70,36,10,1,'ROUGE');
    INSERT INTO DETAILCOMMANDE (IDCOMMANDE,IDARTICLE,QUANTITEARTICLE,PRIXARTICLEFIXE,COULEUR)
    VALUES (71,40,7,1,'ROUGE');
    INSERT INTO DETAILCOMMANDE (IDCOMMANDE,IDARTICLE,QUANTITEARTICLE,PRIXARTICLEFIXE,COULEUR)
    VALUES (72,24,9,1,'ROUGE');
    INSERT INTO DETAILCOMMANDE (IDCOMMANDE,IDARTICLE,QUANTITEARTICLE,PRIXARTICLEFIXE,COULEUR)
    VALUES (73,35,6,1,'ROUGE');
    INSERT INTO DETAILCOMMANDE (IDCOMMANDE,IDARTICLE,QUANTITEARTICLE,PRIXARTICLEFIXE,COULEUR)
    VALUES (74,38,4,1,'ROUGE');
    INSERT INTO DETAILCOMMANDE (IDCOMMANDE,IDARTICLE,QUANTITEARTICLE,PRIXARTICLEFIXE,COULEUR)
    VALUES (75,13,10,1,'ROUGE');
    INSERT INTO DETAILCOMMANDE (IDCOMMANDE,IDARTICLE,QUANTITEARTICLE,PRIXARTICLEFIXE,COULEUR)
    VALUES (76,32,10,1,'ROUGE');
    INSERT INTO DETAILCOMMANDE (IDCOMMANDE,IDARTICLE,QUANTITEARTICLE,PRIXARTICLEFIXE,COULEUR)
    VALUES (77,41,6,1,'ROUGE');
    INSERT INTO DETAILCOMMANDE (IDCOMMANDE,IDARTICLE,QUANTITEARTICLE,PRIXARTICLEFIXE,COULEUR)
    VALUES (78,48,7,1,'ROUGE');
    INSERT INTO DETAILCOMMANDE (IDCOMMANDE,IDARTICLE,QUANTITEARTICLE,PRIXARTICLEFIXE,COULEUR)
    VALUES (79,44,7,1,'ROUGE');
    INSERT INTO DETAILCOMMANDE (IDCOMMANDE,IDARTICLE,QUANTITEARTICLE,PRIXARTICLEFIXE,COULEUR)
    VALUES (80,26,8,1,'ROUGE');
    INSERT INTO DETAILCOMMANDE (IDCOMMANDE,IDARTICLE,QUANTITEARTICLE,PRIXARTICLEFIXE,COULEUR)
    VALUES (81,7,2,1,'ROUGE');
    INSERT INTO DETAILCOMMANDE (IDCOMMANDE,IDARTICLE,QUANTITEARTICLE,PRIXARTICLEFIXE,COULEUR)
    VALUES (82,12,6,1,'ROUGE');
    INSERT INTO DETAILCOMMANDE (IDCOMMANDE,IDARTICLE,QUANTITEARTICLE,PRIXARTICLEFIXE,COULEUR)
    VALUES (83,32,9,1,'ROUGE');
    INSERT INTO DETAILCOMMANDE (IDCOMMANDE,IDARTICLE,QUANTITEARTICLE,PRIXARTICLEFIXE,COULEUR)
    VALUES (84,2,6,1,'ROUGE');
    INSERT INTO DETAILCOMMANDE (IDCOMMANDE,IDARTICLE,QUANTITEARTICLE,PRIXARTICLEFIXE,COULEUR)
    VALUES (85,18,3,1,'ROUGE');
    INSERT INTO DETAILCOMMANDE (IDCOMMANDE,IDARTICLE,QUANTITEARTICLE,PRIXARTICLEFIXE,COULEUR)
    VALUES (86,44,5,1,'ROUGE');
    INSERT INTO DETAILCOMMANDE (IDCOMMANDE,IDARTICLE,QUANTITEARTICLE,PRIXARTICLEFIXE,COULEUR)
    VALUES (87,23,8,1,'ROUGE');
    INSERT INTO DETAILCOMMANDE (IDCOMMANDE,IDARTICLE,QUANTITEARTICLE,PRIXARTICLEFIXE,COULEUR)
    VALUES (88,46,6,1,'ROUGE');
    INSERT INTO DETAILCOMMANDE (IDCOMMANDE,IDARTICLE,QUANTITEARTICLE,PRIXARTICLEFIXE,COULEUR)
    VALUES (89,50,8,1,'ROUGE');
    INSERT INTO DETAILCOMMANDE (IDCOMMANDE,IDARTICLE,QUANTITEARTICLE,PRIXARTICLEFIXE,COULEUR)
    VALUES (90,9,9,1,'ROUGE');
    INSERT INTO DETAILCOMMANDE (IDCOMMANDE,IDARTICLE,QUANTITEARTICLE,PRIXARTICLEFIXE,COULEUR)
    VALUES (91,14,4,1,'ROUGE');
    INSERT INTO DETAILCOMMANDE (IDCOMMANDE,IDARTICLE,QUANTITEARTICLE,PRIXARTICLEFIXE,COULEUR)
    VALUES (92,13,8,1,'ROUGE');
    INSERT INTO DETAILCOMMANDE (IDCOMMANDE,IDARTICLE,QUANTITEARTICLE,PRIXARTICLEFIXE,COULEUR)
    VALUES (93,12,8,1,'ROUGE');
    INSERT INTO DETAILCOMMANDE (IDCOMMANDE,IDARTICLE,QUANTITEARTICLE,PRIXARTICLEFIXE,COULEUR)
    VALUES (94,26,4,1,'ROUGE');
    INSERT INTO DETAILCOMMANDE (IDCOMMANDE,IDARTICLE,QUANTITEARTICLE,PRIXARTICLEFIXE,COULEUR)
    VALUES (95,40,6,1,'ROUGE');
    INSERT INTO DETAILCOMMANDE (IDCOMMANDE,IDARTICLE,QUANTITEARTICLE,PRIXARTICLEFIXE,COULEUR)
    VALUES (96,48,8,1,'ROUGE');
    INSERT INTO DETAILCOMMANDE (IDCOMMANDE,IDARTICLE,QUANTITEARTICLE,PRIXARTICLEFIXE,COULEUR)
    VALUES (97,7,7,1,'ROUGE');
    INSERT INTO DETAILCOMMANDE (IDCOMMANDE,IDARTICLE,QUANTITEARTICLE,PRIXARTICLEFIXE,COULEUR)
    VALUES (98,49,4,1,'ROUGE');
    INSERT INTO DETAILCOMMANDE (IDCOMMANDE,IDARTICLE,QUANTITEARTICLE,PRIXARTICLEFIXE,COULEUR)
    VALUES (99,21,5,1,'ROUGE');
    INSERT INTO DETAILCOMMANDE (IDCOMMANDE,IDARTICLE,QUANTITEARTICLE,PRIXARTICLEFIXE,COULEUR)
    VALUES (100,45,2,1,'ROUGE');

    INSERT INTO DETAILCOMMANDE (IDCOMMANDE,IDARTICLE,QUANTITEARTICLE,PRIXARTICLEFIXE,COULEUR)
    VALUES (1,21,5,1,'ROUGE');
    INSERT INTO DETAILCOMMANDE (IDCOMMANDE,IDARTICLE,QUANTITEARTICLE,PRIXARTICLEFIXE,COULEUR)
    VALUES (2,10,10,1,'ROUGE');
    INSERT INTO DETAILCOMMANDE (IDCOMMANDE,IDARTICLE,QUANTITEARTICLE,PRIXARTICLEFIXE,COULEUR)
    VALUES (3,13,4,1,'ROUGE');
    INSERT INTO DETAILCOMMANDE (IDCOMMANDE,IDARTICLE,QUANTITEARTICLE,PRIXARTICLEFIXE,COULEUR)
    VALUES (4,9,4,1,'ROUGE');
    INSERT INTO DETAILCOMMANDE (IDCOMMANDE,IDARTICLE,QUANTITEARTICLE,PRIXARTICLEFIXE,COULEUR)
    VALUES (5,29,7,1,'ROUGE');
    INSERT INTO DETAILCOMMANDE (IDCOMMANDE,IDARTICLE,QUANTITEARTICLE,PRIXARTICLEFIXE,COULEUR)
    VALUES (6,13,7,1,'ROUGE');
    INSERT INTO DETAILCOMMANDE (IDCOMMANDE,IDARTICLE,QUANTITEARTICLE,PRIXARTICLEFIXE,COULEUR)
    VALUES (7,25,5,1,'ROUGE');
    INSERT INTO DETAILCOMMANDE (IDCOMMANDE,IDARTICLE,QUANTITEARTICLE,PRIXARTICLEFIXE,COULEUR)
    VALUES (8,43,4,1,'ROUGE');
    INSERT INTO DETAILCOMMANDE (IDCOMMANDE,IDARTICLE,QUANTITEARTICLE,PRIXARTICLEFIXE,COULEUR)
    VALUES (9,9,8,1,'ROUGE');
    INSERT INTO DETAILCOMMANDE (IDCOMMANDE,IDARTICLE,QUANTITEARTICLE,PRIXARTICLEFIXE,COULEUR)
    VALUES (10,4,9,1,'ROUGE');
    INSERT INTO DETAILCOMMANDE (IDCOMMANDE,IDARTICLE,QUANTITEARTICLE,PRIXARTICLEFIXE,COULEUR)
    VALUES (11,27,10,1,'ROUGE');
    INSERT INTO DETAILCOMMANDE (IDCOMMANDE,IDARTICLE,QUANTITEARTICLE,PRIXARTICLEFIXE,COULEUR)
    VALUES (12,9,4,1,'ROUGE');
    INSERT INTO DETAILCOMMANDE (IDCOMMANDE,IDARTICLE,QUANTITEARTICLE,PRIXARTICLEFIXE,COULEUR)
    VALUES (13,18,7,1,'ROUGE');
    INSERT INTO DETAILCOMMANDE (IDCOMMANDE,IDARTICLE,QUANTITEARTICLE,PRIXARTICLEFIXE,COULEUR)
    VALUES (14,34,5,1,'ROUGE');
    INSERT INTO DETAILCOMMANDE (IDCOMMANDE,IDARTICLE,QUANTITEARTICLE,PRIXARTICLEFIXE,COULEUR)
    VALUES (15,44,6,1,'ROUGE');
    INSERT INTO DETAILCOMMANDE (IDCOMMANDE,IDARTICLE,QUANTITEARTICLE,PRIXARTICLEFIXE,COULEUR)
    VALUES (16,33,8,1,'ROUGE');
    INSERT INTO DETAILCOMMANDE (IDCOMMANDE,IDARTICLE,QUANTITEARTICLE,PRIXARTICLEFIXE,COULEUR)
    VALUES (17,16,9,1,'ROUGE');
    INSERT INTO DETAILCOMMANDE (IDCOMMANDE,IDARTICLE,QUANTITEARTICLE,PRIXARTICLEFIXE,COULEUR)
    VALUES (18,10,2,1,'ROUGE');
    INSERT INTO DETAILCOMMANDE (IDCOMMANDE,IDARTICLE,QUANTITEARTICLE,PRIXARTICLEFIXE,COULEUR)
    VALUES (19,41,9,1,'ROUGE');
    INSERT INTO DETAILCOMMANDE (IDCOMMANDE,IDARTICLE,QUANTITEARTICLE,PRIXARTICLEFIXE,COULEUR)
    VALUES (20,13,6,1,'ROUGE');
    INSERT INTO DETAILCOMMANDE (IDCOMMANDE,IDARTICLE,QUANTITEARTICLE,PRIXARTICLEFIXE,COULEUR)
    VALUES (21,49,4,1,'ROUGE');
    INSERT INTO DETAILCOMMANDE (IDCOMMANDE,IDARTICLE,QUANTITEARTICLE,PRIXARTICLEFIXE,COULEUR)
    VALUES (22,32,5,1,'ROUGE');
    INSERT INTO DETAILCOMMANDE (IDCOMMANDE,IDARTICLE,QUANTITEARTICLE,PRIXARTICLEFIXE,COULEUR)
    VALUES (23,33,10,1,'ROUGE');
    INSERT INTO DETAILCOMMANDE (IDCOMMANDE,IDARTICLE,QUANTITEARTICLE,PRIXARTICLEFIXE,COULEUR)
    VALUES (24,22,4,1,'ROUGE');
    INSERT INTO DETAILCOMMANDE (IDCOMMANDE,IDARTICLE,QUANTITEARTICLE,PRIXARTICLEFIXE,COULEUR)
    VALUES (25,37,7,1,'ROUGE');
    INSERT INTO DETAILCOMMANDE (IDCOMMANDE,IDARTICLE,QUANTITEARTICLE,PRIXARTICLEFIXE,COULEUR)
    VALUES (26,35,8,1,'ROUGE');
    INSERT INTO DETAILCOMMANDE (IDCOMMANDE,IDARTICLE,QUANTITEARTICLE,PRIXARTICLEFIXE,COULEUR)
    VALUES (27,13,5,1,'ROUGE');
    INSERT INTO DETAILCOMMANDE (IDCOMMANDE,IDARTICLE,QUANTITEARTICLE,PRIXARTICLEFIXE,COULEUR)
    VALUES (28,3,4,1,'ROUGE');
    INSERT INTO DETAILCOMMANDE (IDCOMMANDE,IDARTICLE,QUANTITEARTICLE,PRIXARTICLEFIXE,COULEUR)
    VALUES (29,27,6,1,'ROUGE');
    INSERT INTO DETAILCOMMANDE (IDCOMMANDE,IDARTICLE,QUANTITEARTICLE,PRIXARTICLEFIXE,COULEUR)
    VALUES (30,5,8,1,'ROUGE');
    INSERT INTO DETAILCOMMANDE (IDCOMMANDE,IDARTICLE,QUANTITEARTICLE,PRIXARTICLEFIXE,COULEUR)
    VALUES (31,40,9,1,'ROUGE');
    INSERT INTO DETAILCOMMANDE (IDCOMMANDE,IDARTICLE,QUANTITEARTICLE,PRIXARTICLEFIXE,COULEUR)
    VALUES (32,25,6,1,'ROUGE');
    INSERT INTO DETAILCOMMANDE (IDCOMMANDE,IDARTICLE,QUANTITEARTICLE,PRIXARTICLEFIXE,COULEUR)
    VALUES (33,40,3,1,'ROUGE');
    INSERT INTO DETAILCOMMANDE (IDCOMMANDE,IDARTICLE,QUANTITEARTICLE,PRIXARTICLEFIXE,COULEUR)
    VALUES (34,13,5,1,'ROUGE');
    INSERT INTO DETAILCOMMANDE (IDCOMMANDE,IDARTICLE,QUANTITEARTICLE,PRIXARTICLEFIXE,COULEUR)
    VALUES (35,18,4,1,'ROUGE');
    INSERT INTO DETAILCOMMANDE (IDCOMMANDE,IDARTICLE,QUANTITEARTICLE,PRIXARTICLEFIXE,COULEUR)
    VALUES (36,27,9,1,'ROUGE');
    INSERT INTO DETAILCOMMANDE (IDCOMMANDE,IDARTICLE,QUANTITEARTICLE,PRIXARTICLEFIXE,COULEUR)
    VALUES (37,20,4,1,'ROUGE');
    INSERT INTO DETAILCOMMANDE (IDCOMMANDE,IDARTICLE,QUANTITEARTICLE,PRIXARTICLEFIXE,COULEUR)
    VALUES (38,16,8,1,'ROUGE');
    INSERT INTO DETAILCOMMANDE (IDCOMMANDE,IDARTICLE,QUANTITEARTICLE,PRIXARTICLEFIXE,COULEUR)
    VALUES (39,13,8,1,'ROUGE');
    INSERT INTO DETAILCOMMANDE (IDCOMMANDE,IDARTICLE,QUANTITEARTICLE,PRIXARTICLEFIXE,COULEUR)
    VALUES (40,43,6,1,'ROUGE');
    INSERT INTO DETAILCOMMANDE (IDCOMMANDE,IDARTICLE,QUANTITEARTICLE,PRIXARTICLEFIXE,COULEUR)
    VALUES (41,32,10,1,'ROUGE');
    INSERT INTO DETAILCOMMANDE (IDCOMMANDE,IDARTICLE,QUANTITEARTICLE,PRIXARTICLEFIXE,COULEUR)
    VALUES (42,22,4,1,'ROUGE');
    INSERT INTO DETAILCOMMANDE (IDCOMMANDE,IDARTICLE,QUANTITEARTICLE,PRIXARTICLEFIXE,COULEUR)
    VALUES (43,27,10,1,'ROUGE');
    INSERT INTO DETAILCOMMANDE (IDCOMMANDE,IDARTICLE,QUANTITEARTICLE,PRIXARTICLEFIXE,COULEUR)
    VALUES (44,23,7,1,'ROUGE');
    INSERT INTO DETAILCOMMANDE (IDCOMMANDE,IDARTICLE,QUANTITEARTICLE,PRIXARTICLEFIXE,COULEUR)
    VALUES (45,46,3,1,'ROUGE');
    INSERT INTO DETAILCOMMANDE (IDCOMMANDE,IDARTICLE,QUANTITEARTICLE,PRIXARTICLEFIXE,COULEUR)
    VALUES (46,6,9,1,'ROUGE');
    INSERT INTO DETAILCOMMANDE (IDCOMMANDE,IDARTICLE,QUANTITEARTICLE,PRIXARTICLEFIXE,COULEUR)
    VALUES (47,14,9,1,'ROUGE');
    INSERT INTO DETAILCOMMANDE (IDCOMMANDE,IDARTICLE,QUANTITEARTICLE,PRIXARTICLEFIXE,COULEUR)
    VALUES (48,24,2,1,'ROUGE');
    INSERT INTO DETAILCOMMANDE (IDCOMMANDE,IDARTICLE,QUANTITEARTICLE,PRIXARTICLEFIXE,COULEUR)
    VALUES (49,14,8,1,'ROUGE');
    INSERT INTO DETAILCOMMANDE (IDCOMMANDE,IDARTICLE,QUANTITEARTICLE,PRIXARTICLEFIXE,COULEUR)
    VALUES (50,27,8,1,'ROUGE');
    INSERT INTO DETAILCOMMANDE (IDCOMMANDE,IDARTICLE,QUANTITEARTICLE,PRIXARTICLEFIXE,COULEUR)
    VALUES (51,6,9,1,'ROUGE');
    INSERT INTO DETAILCOMMANDE (IDCOMMANDE,IDARTICLE,QUANTITEARTICLE,PRIXARTICLEFIXE,COULEUR)
    VALUES (52,40,3,1,'ROUGE');
    INSERT INTO DETAILCOMMANDE (IDCOMMANDE,IDARTICLE,QUANTITEARTICLE,PRIXARTICLEFIXE,COULEUR)
    VALUES (53,6,4,1,'ROUGE');
    INSERT INTO DETAILCOMMANDE (IDCOMMANDE,IDARTICLE,QUANTITEARTICLE,PRIXARTICLEFIXE,COULEUR)
    VALUES (54,19,8,1,'ROUGE');
    INSERT INTO DETAILCOMMANDE (IDCOMMANDE,IDARTICLE,QUANTITEARTICLE,PRIXARTICLEFIXE,COULEUR)
    VALUES (55,12,6,1,'ROUGE');
    INSERT INTO DETAILCOMMANDE (IDCOMMANDE,IDARTICLE,QUANTITEARTICLE,PRIXARTICLEFIXE,COULEUR)
    VALUES (56,25,9,1,'ROUGE');
    INSERT INTO DETAILCOMMANDE (IDCOMMANDE,IDARTICLE,QUANTITEARTICLE,PRIXARTICLEFIXE,COULEUR)
    VALUES (57,23,8,1,'ROUGE');
    INSERT INTO DETAILCOMMANDE (IDCOMMANDE,IDARTICLE,QUANTITEARTICLE,PRIXARTICLEFIXE,COULEUR)
    VALUES (58,36,8,1,'ROUGE');
    INSERT INTO DETAILCOMMANDE (IDCOMMANDE,IDARTICLE,QUANTITEARTICLE,PRIXARTICLEFIXE,COULEUR)
    VALUES (59,31,10,1,'ROUGE');
    INSERT INTO DETAILCOMMANDE (IDCOMMANDE,IDARTICLE,QUANTITEARTICLE,PRIXARTICLEFIXE,COULEUR)
    VALUES (60,30,2,1,'ROUGE');
    INSERT INTO DETAILCOMMANDE (IDCOMMANDE,IDARTICLE,QUANTITEARTICLE,PRIXARTICLEFIXE,COULEUR)
    VALUES (61,15,2,1,'ROUGE');
    INSERT INTO DETAILCOMMANDE (IDCOMMANDE,IDARTICLE,QUANTITEARTICLE,PRIXARTICLEFIXE,COULEUR)
    VALUES (62,48,9,1,'ROUGE');
    INSERT INTO DETAILCOMMANDE (IDCOMMANDE,IDARTICLE,QUANTITEARTICLE,PRIXARTICLEFIXE,COULEUR)
    VALUES (63,4,4,1,'ROUGE');
    INSERT INTO DETAILCOMMANDE (IDCOMMANDE,IDARTICLE,QUANTITEARTICLE,PRIXARTICLEFIXE,COULEUR)
    VALUES (64,10,9,1,'ROUGE');
    INSERT INTO DETAILCOMMANDE (IDCOMMANDE,IDARTICLE,QUANTITEARTICLE,PRIXARTICLEFIXE,COULEUR)
    VALUES (65,40,9,1,'ROUGE');
    INSERT INTO DETAILCOMMANDE (IDCOMMANDE,IDARTICLE,QUANTITEARTICLE,PRIXARTICLEFIXE,COULEUR)
    VALUES (66,33,6,1,'ROUGE');
    INSERT INTO DETAILCOMMANDE (IDCOMMANDE,IDARTICLE,QUANTITEARTICLE,PRIXARTICLEFIXE,COULEUR)
    VALUES (67,23,8,1,'ROUGE');
    INSERT INTO DETAILCOMMANDE (IDCOMMANDE,IDARTICLE,QUANTITEARTICLE,PRIXARTICLEFIXE,COULEUR)
    VALUES (68,5,6,1,'ROUGE');
    INSERT INTO DETAILCOMMANDE (IDCOMMANDE,IDARTICLE,QUANTITEARTICLE,PRIXARTICLEFIXE,COULEUR)
    VALUES (69,49,10,1,'ROUGE');
    INSERT INTO DETAILCOMMANDE (IDCOMMANDE,IDARTICLE,QUANTITEARTICLE,PRIXARTICLEFIXE,COULEUR)
    VALUES (70,37,8,1,'ROUGE');
    INSERT INTO DETAILCOMMANDE (IDCOMMANDE,IDARTICLE,QUANTITEARTICLE,PRIXARTICLEFIXE,COULEUR)
    VALUES (71,44,5,1,'ROUGE');
    INSERT INTO DETAILCOMMANDE (IDCOMMANDE,IDARTICLE,QUANTITEARTICLE,PRIXARTICLEFIXE,COULEUR)
    VALUES (72,31,4,1,'ROUGE');
    INSERT INTO DETAILCOMMANDE (IDCOMMANDE,IDARTICLE,QUANTITEARTICLE,PRIXARTICLEFIXE,COULEUR)
    VALUES (73,21,9,1,'ROUGE');
    INSERT INTO DETAILCOMMANDE (IDCOMMANDE,IDARTICLE,QUANTITEARTICLE,PRIXARTICLEFIXE,COULEUR)
    VALUES (74,6,5,1,'ROUGE');
    INSERT INTO DETAILCOMMANDE (IDCOMMANDE,IDARTICLE,QUANTITEARTICLE,PRIXARTICLEFIXE,COULEUR)
    VALUES (75,21,8,1,'ROUGE');
    INSERT INTO DETAILCOMMANDE (IDCOMMANDE,IDARTICLE,QUANTITEARTICLE,PRIXARTICLEFIXE,COULEUR)
    VALUES (76,27,5,1,'ROUGE');
    INSERT INTO DETAILCOMMANDE (IDCOMMANDE,IDARTICLE,QUANTITEARTICLE,PRIXARTICLEFIXE,COULEUR)
    VALUES (77,30,9,1,'ROUGE');
    INSERT INTO DETAILCOMMANDE (IDCOMMANDE,IDARTICLE,QUANTITEARTICLE,PRIXARTICLEFIXE,COULEUR)
    VALUES (78,3,4,1,'ROUGE');
    INSERT INTO DETAILCOMMANDE (IDCOMMANDE,IDARTICLE,QUANTITEARTICLE,PRIXARTICLEFIXE,COULEUR)
    VALUES (79,22,7,1,'ROUGE');
    INSERT INTO DETAILCOMMANDE (IDCOMMANDE,IDARTICLE,QUANTITEARTICLE,PRIXARTICLEFIXE,COULEUR)
    VALUES (80,24,10,1,'ROUGE');
    INSERT INTO DETAILCOMMANDE (IDCOMMANDE,IDARTICLE,QUANTITEARTICLE,PRIXARTICLEFIXE,COULEUR)
    VALUES (81,41,5,1,'ROUGE');
    INSERT INTO DETAILCOMMANDE (IDCOMMANDE,IDARTICLE,QUANTITEARTICLE,PRIXARTICLEFIXE,COULEUR)
    VALUES (82,14,4,1,'ROUGE');
    INSERT INTO DETAILCOMMANDE (IDCOMMANDE,IDARTICLE,QUANTITEARTICLE,PRIXARTICLEFIXE,COULEUR)
    VALUES (83,40,6,1,'ROUGE');
    INSERT INTO DETAILCOMMANDE (IDCOMMANDE,IDARTICLE,QUANTITEARTICLE,PRIXARTICLEFIXE,COULEUR)
    VALUES (84,27,7,1,'ROUGE');
    INSERT INTO DETAILCOMMANDE (IDCOMMANDE,IDARTICLE,QUANTITEARTICLE,PRIXARTICLEFIXE,COULEUR)
    VALUES (85,39,7,1,'ROUGE');
    INSERT INTO DETAILCOMMANDE (IDCOMMANDE,IDARTICLE,QUANTITEARTICLE,PRIXARTICLEFIXE,COULEUR)
    VALUES (86,4,7,1,'ROUGE');
    INSERT INTO DETAILCOMMANDE (IDCOMMANDE,IDARTICLE,QUANTITEARTICLE,PRIXARTICLEFIXE,COULEUR)
    VALUES (87,49,8,1,'ROUGE');
    INSERT INTO DETAILCOMMANDE (IDCOMMANDE,IDARTICLE,QUANTITEARTICLE,PRIXARTICLEFIXE,COULEUR)
    VALUES (88,47,7,1,'ROUGE');
    INSERT INTO DETAILCOMMANDE (IDCOMMANDE,IDARTICLE,QUANTITEARTICLE,PRIXARTICLEFIXE,COULEUR)
    VALUES (89,49,4,1,'ROUGE');
    INSERT INTO DETAILCOMMANDE (IDCOMMANDE,IDARTICLE,QUANTITEARTICLE,PRIXARTICLEFIXE,COULEUR)
    VALUES (90,46,7,1,'ROUGE');
    INSERT INTO DETAILCOMMANDE (IDCOMMANDE,IDARTICLE,QUANTITEARTICLE,PRIXARTICLEFIXE,COULEUR)
    VALUES (91,44,9,1,'ROUGE');
    INSERT INTO DETAILCOMMANDE (IDCOMMANDE,IDARTICLE,QUANTITEARTICLE,PRIXARTICLEFIXE,COULEUR)
    VALUES (92,32,4,1,'ROUGE');
    INSERT INTO DETAILCOMMANDE (IDCOMMANDE,IDARTICLE,QUANTITEARTICLE,PRIXARTICLEFIXE,COULEUR)
    VALUES (93,18,5,1,'ROUGE');
    INSERT INTO DETAILCOMMANDE (IDCOMMANDE,IDARTICLE,QUANTITEARTICLE,PRIXARTICLEFIXE,COULEUR)
    VALUES (94,20,5,1,'ROUGE');
    INSERT INTO DETAILCOMMANDE (IDCOMMANDE,IDARTICLE,QUANTITEARTICLE,PRIXARTICLEFIXE,COULEUR)
    VALUES (95,32,6,1,'ROUGE');
    INSERT INTO DETAILCOMMANDE (IDCOMMANDE,IDARTICLE,QUANTITEARTICLE,PRIXARTICLEFIXE,COULEUR)
    VALUES (96,16,9,1,'ROUGE');
    INSERT INTO DETAILCOMMANDE (IDCOMMANDE,IDARTICLE,QUANTITEARTICLE,PRIXARTICLEFIXE,COULEUR)
    VALUES (97,46,7,1,'ROUGE');
    INSERT INTO DETAILCOMMANDE (IDCOMMANDE,IDARTICLE,QUANTITEARTICLE,PRIXARTICLEFIXE,COULEUR)
    VALUES (98,18,9,1,'ROUGE');
    INSERT INTO DETAILCOMMANDE (IDCOMMANDE,IDARTICLE,QUANTITEARTICLE,PRIXARTICLEFIXE,COULEUR)
    VALUES (99,7,3,1,'ROUGE');
    INSERT INTO DETAILCOMMANDE (IDCOMMANDE,IDARTICLE,QUANTITEARTICLE,PRIXARTICLEFIXE,COULEUR)
    VALUES (100,47,6,1,'ROUGE');

    INSERT INTO DETAILCOMMANDE (IDCOMMANDE,IDARTICLE,QUANTITEARTICLE,PRIXARTICLEFIXE,COULEUR)
    VALUES (1,18,2,1,'ROUGE');
    INSERT INTO DETAILCOMMANDE (IDCOMMANDE,IDARTICLE,QUANTITEARTICLE,PRIXARTICLEFIXE,COULEUR)
    VALUES (2,9,7,1,'ROUGE');
    INSERT INTO DETAILCOMMANDE (IDCOMMANDE,IDARTICLE,QUANTITEARTICLE,PRIXARTICLEFIXE,COULEUR)
    VALUES (3,22,8,1,'ROUGE');
    INSERT INTO DETAILCOMMANDE (IDCOMMANDE,IDARTICLE,QUANTITEARTICLE,PRIXARTICLEFIXE,COULEUR)
    VALUES (4,6,3,1,'ROUGE');
    INSERT INTO DETAILCOMMANDE (IDCOMMANDE,IDARTICLE,QUANTITEARTICLE,PRIXARTICLEFIXE,COULEUR)
    VALUES (5,32,9,1,'ROUGE');
    INSERT INTO DETAILCOMMANDE (IDCOMMANDE,IDARTICLE,QUANTITEARTICLE,PRIXARTICLEFIXE,COULEUR)
    VALUES (6,22,3,1,'ROUGE');
    INSERT INTO DETAILCOMMANDE (IDCOMMANDE,IDARTICLE,QUANTITEARTICLE,PRIXARTICLEFIXE,COULEUR)
    VALUES (7,4,7,1,'ROUGE');
    INSERT INTO DETAILCOMMANDE (IDCOMMANDE,IDARTICLE,QUANTITEARTICLE,PRIXARTICLEFIXE,COULEUR)
    VALUES (8,26,8,1,'ROUGE');
    INSERT INTO DETAILCOMMANDE (IDCOMMANDE,IDARTICLE,QUANTITEARTICLE,PRIXARTICLEFIXE,COULEUR)
    VALUES (9,40,10,1,'ROUGE');
    INSERT INTO DETAILCOMMANDE (IDCOMMANDE,IDARTICLE,QUANTITEARTICLE,PRIXARTICLEFIXE,COULEUR)
    VALUES (10,5,5,1,'ROUGE');
    INSERT INTO DETAILCOMMANDE (IDCOMMANDE,IDARTICLE,QUANTITEARTICLE,PRIXARTICLEFIXE,COULEUR)
    VALUES (11,24,10,1,'ROUGE');
    INSERT INTO DETAILCOMMANDE (IDCOMMANDE,IDARTICLE,QUANTITEARTICLE,PRIXARTICLEFIXE,COULEUR)
    VALUES (12,34,10,1,'ROUGE');
    INSERT INTO DETAILCOMMANDE (IDCOMMANDE,IDARTICLE,QUANTITEARTICLE,PRIXARTICLEFIXE,COULEUR)
    VALUES (13,38,9,1,'ROUGE');
    INSERT INTO DETAILCOMMANDE (IDCOMMANDE,IDARTICLE,QUANTITEARTICLE,PRIXARTICLEFIXE,COULEUR)
    VALUES (14,23,7,1,'ROUGE');
    INSERT INTO DETAILCOMMANDE (IDCOMMANDE,IDARTICLE,QUANTITEARTICLE,PRIXARTICLEFIXE,COULEUR)
    VALUES (15,32,10,1,'ROUGE');
    INSERT INTO DETAILCOMMANDE (IDCOMMANDE,IDARTICLE,QUANTITEARTICLE,PRIXARTICLEFIXE,COULEUR)
    VALUES (16,22,8,1,'ROUGE');
    INSERT INTO DETAILCOMMANDE (IDCOMMANDE,IDARTICLE,QUANTITEARTICLE,PRIXARTICLEFIXE,COULEUR)
    VALUES (17,22,7,1,'ROUGE');
    INSERT INTO DETAILCOMMANDE (IDCOMMANDE,IDARTICLE,QUANTITEARTICLE,PRIXARTICLEFIXE,COULEUR)
    VALUES (18,8,6,1,'ROUGE');
    INSERT INTO DETAILCOMMANDE (IDCOMMANDE,IDARTICLE,QUANTITEARTICLE,PRIXARTICLEFIXE,COULEUR)
    VALUES (19,3,4,1,'ROUGE');
    INSERT INTO DETAILCOMMANDE (IDCOMMANDE,IDARTICLE,QUANTITEARTICLE,PRIXARTICLEFIXE,COULEUR)
    VALUES (20,10,7,1,'ROUGE');
    INSERT INTO DETAILCOMMANDE (IDCOMMANDE,IDARTICLE,QUANTITEARTICLE,PRIXARTICLEFIXE,COULEUR)
    VALUES (21,48,6,1,'ROUGE');
    INSERT INTO DETAILCOMMANDE (IDCOMMANDE,IDARTICLE,QUANTITEARTICLE,PRIXARTICLEFIXE,COULEUR)
    VALUES (22,26,10,1,'ROUGE');
    INSERT INTO DETAILCOMMANDE (IDCOMMANDE,IDARTICLE,QUANTITEARTICLE,PRIXARTICLEFIXE,COULEUR)
    VALUES (23,39,5,1,'ROUGE');
    INSERT INTO DETAILCOMMANDE (IDCOMMANDE,IDARTICLE,QUANTITEARTICLE,PRIXARTICLEFIXE,COULEUR)
    VALUES (24,4,7,1,'ROUGE');
    INSERT INTO DETAILCOMMANDE (IDCOMMANDE,IDARTICLE,QUANTITEARTICLE,PRIXARTICLEFIXE,COULEUR)
    VALUES (25,46,7,1,'ROUGE');
    INSERT INTO DETAILCOMMANDE (IDCOMMANDE,IDARTICLE,QUANTITEARTICLE,PRIXARTICLEFIXE,COULEUR)
    VALUES (26,25,9,1,'ROUGE');
    INSERT INTO DETAILCOMMANDE (IDCOMMANDE,IDARTICLE,QUANTITEARTICLE,PRIXARTICLEFIXE,COULEUR)
    VALUES (27,1,3,1,'ROUGE');
    INSERT INTO DETAILCOMMANDE (IDCOMMANDE,IDARTICLE,QUANTITEARTICLE,PRIXARTICLEFIXE,COULEUR)
    VALUES (28,30,10,1,'ROUGE');
    INSERT INTO DETAILCOMMANDE (IDCOMMANDE,IDARTICLE,QUANTITEARTICLE,PRIXARTICLEFIXE,COULEUR)
    VALUES (29,32,2,1,'ROUGE');
    INSERT INTO DETAILCOMMANDE (IDCOMMANDE,IDARTICLE,QUANTITEARTICLE,PRIXARTICLEFIXE,COULEUR)
    VALUES (30,41,9,1,'ROUGE');
    INSERT INTO DETAILCOMMANDE (IDCOMMANDE,IDARTICLE,QUANTITEARTICLE,PRIXARTICLEFIXE,COULEUR)
    VALUES (31,28,8,1,'ROUGE');
    INSERT INTO DETAILCOMMANDE (IDCOMMANDE,IDARTICLE,QUANTITEARTICLE,PRIXARTICLEFIXE,COULEUR)
    VALUES (32,17,10,1,'ROUGE');
    INSERT INTO DETAILCOMMANDE (IDCOMMANDE,IDARTICLE,QUANTITEARTICLE,PRIXARTICLEFIXE,COULEUR)
    VALUES (33,43,5,1,'ROUGE');
    INSERT INTO DETAILCOMMANDE (IDCOMMANDE,IDARTICLE,QUANTITEARTICLE,PRIXARTICLEFIXE,COULEUR)
    VALUES (34,32,9,1,'ROUGE');
    INSERT INTO DETAILCOMMANDE (IDCOMMANDE,IDARTICLE,QUANTITEARTICLE,PRIXARTICLEFIXE,COULEUR)
    VALUES (35,46,10,1,'ROUGE');
    INSERT INTO DETAILCOMMANDE (IDCOMMANDE,IDARTICLE,QUANTITEARTICLE,PRIXARTICLEFIXE,COULEUR)
    VALUES (36,7,4,1,'ROUGE');
    INSERT INTO DETAILCOMMANDE (IDCOMMANDE,IDARTICLE,QUANTITEARTICLE,PRIXARTICLEFIXE,COULEUR)
    VALUES (37,50,7,1,'ROUGE');
    INSERT INTO DETAILCOMMANDE (IDCOMMANDE,IDARTICLE,QUANTITEARTICLE,PRIXARTICLEFIXE,COULEUR)
    VALUES (38,11,6,1,'ROUGE');
    INSERT INTO DETAILCOMMANDE (IDCOMMANDE,IDARTICLE,QUANTITEARTICLE,PRIXARTICLEFIXE,COULEUR)
    VALUES (39,19,5,1,'ROUGE');
    INSERT INTO DETAILCOMMANDE (IDCOMMANDE,IDARTICLE,QUANTITEARTICLE,PRIXARTICLEFIXE,COULEUR)
    VALUES (40,30,3,1,'ROUGE');
    INSERT INTO DETAILCOMMANDE (IDCOMMANDE,IDARTICLE,QUANTITEARTICLE,PRIXARTICLEFIXE,COULEUR)
    VALUES (41,17,8,1,'ROUGE');
    INSERT INTO DETAILCOMMANDE (IDCOMMANDE,IDARTICLE,QUANTITEARTICLE,PRIXARTICLEFIXE,COULEUR)
    VALUES (42,35,7,1,'ROUGE');
    INSERT INTO DETAILCOMMANDE (IDCOMMANDE,IDARTICLE,QUANTITEARTICLE,PRIXARTICLEFIXE,COULEUR)
    VALUES (43,18,7,1,'ROUGE');
    INSERT INTO DETAILCOMMANDE (IDCOMMANDE,IDARTICLE,QUANTITEARTICLE,PRIXARTICLEFIXE,COULEUR)
    VALUES (44,12,7,1,'ROUGE');
    INSERT INTO DETAILCOMMANDE (IDCOMMANDE,IDARTICLE,QUANTITEARTICLE,PRIXARTICLEFIXE,COULEUR)
    VALUES (45,25,9,1,'ROUGE');
    INSERT INTO DETAILCOMMANDE (IDCOMMANDE,IDARTICLE,QUANTITEARTICLE,PRIXARTICLEFIXE,COULEUR)
    VALUES (46,14,2,1,'ROUGE');
    INSERT INTO DETAILCOMMANDE (IDCOMMANDE,IDARTICLE,QUANTITEARTICLE,PRIXARTICLEFIXE,COULEUR)
    VALUES (47,39,4,1,'ROUGE');
    INSERT INTO DETAILCOMMANDE (IDCOMMANDE,IDARTICLE,QUANTITEARTICLE,PRIXARTICLEFIXE,COULEUR)
    VALUES (48,40,9,1,'ROUGE');
    INSERT INTO DETAILCOMMANDE (IDCOMMANDE,IDARTICLE,QUANTITEARTICLE,PRIXARTICLEFIXE,COULEUR)
    VALUES (49,19,5,1,'ROUGE');
    INSERT INTO DETAILCOMMANDE (IDCOMMANDE,IDARTICLE,QUANTITEARTICLE,PRIXARTICLEFIXE,COULEUR)
    VALUES (50,41,8,1,'ROUGE');
    INSERT INTO DETAILCOMMANDE (IDCOMMANDE,IDARTICLE,QUANTITEARTICLE,PRIXARTICLEFIXE,COULEUR)
    VALUES (51,23,5,1,'ROUGE');
    INSERT INTO DETAILCOMMANDE (IDCOMMANDE,IDARTICLE,QUANTITEARTICLE,PRIXARTICLEFIXE,COULEUR)
    VALUES (52,48,6,1,'ROUGE');
    INSERT INTO DETAILCOMMANDE (IDCOMMANDE,IDARTICLE,QUANTITEARTICLE,PRIXARTICLEFIXE,COULEUR)
    VALUES (53,30,2,1,'ROUGE');
    INSERT INTO DETAILCOMMANDE (IDCOMMANDE,IDARTICLE,QUANTITEARTICLE,PRIXARTICLEFIXE,COULEUR)
    VALUES (54,36,9,1,'ROUGE');
    INSERT INTO DETAILCOMMANDE (IDCOMMANDE,IDARTICLE,QUANTITEARTICLE,PRIXARTICLEFIXE,COULEUR)
    VALUES (55,6,5,1,'ROUGE');
    INSERT INTO DETAILCOMMANDE (IDCOMMANDE,IDARTICLE,QUANTITEARTICLE,PRIXARTICLEFIXE,COULEUR)
    VALUES (56,28,10,1,'ROUGE');
    INSERT INTO DETAILCOMMANDE (IDCOMMANDE,IDARTICLE,QUANTITEARTICLE,PRIXARTICLEFIXE,COULEUR)
    VALUES (57,17,8,1,'ROUGE');
    INSERT INTO DETAILCOMMANDE (IDCOMMANDE,IDARTICLE,QUANTITEARTICLE,PRIXARTICLEFIXE,COULEUR)
    VALUES (58,18,5,1,'ROUGE');
    INSERT INTO DETAILCOMMANDE (IDCOMMANDE,IDARTICLE,QUANTITEARTICLE,PRIXARTICLEFIXE,COULEUR)
    VALUES (59,26,7,1,'ROUGE');
    INSERT INTO DETAILCOMMANDE (IDCOMMANDE,IDARTICLE,QUANTITEARTICLE,PRIXARTICLEFIXE,COULEUR)
    VALUES (60,7,8,1,'ROUGE');
    INSERT INTO DETAILCOMMANDE (IDCOMMANDE,IDARTICLE,QUANTITEARTICLE,PRIXARTICLEFIXE,COULEUR)
    VALUES (61,17,8,1,'ROUGE');
    INSERT INTO DETAILCOMMANDE (IDCOMMANDE,IDARTICLE,QUANTITEARTICLE,PRIXARTICLEFIXE,COULEUR)
    VALUES (62,45,5,1,'ROUGE');
    INSERT INTO DETAILCOMMANDE (IDCOMMANDE,IDARTICLE,QUANTITEARTICLE,PRIXARTICLEFIXE,COULEUR)
    VALUES (63,42,10,1,'ROUGE');
    INSERT INTO DETAILCOMMANDE (IDCOMMANDE,IDARTICLE,QUANTITEARTICLE,PRIXARTICLEFIXE,COULEUR)
    VALUES (64,25,2,1,'ROUGE');
    INSERT INTO DETAILCOMMANDE (IDCOMMANDE,IDARTICLE,QUANTITEARTICLE,PRIXARTICLEFIXE,COULEUR)
    VALUES (65,9,5,1,'ROUGE');
    INSERT INTO DETAILCOMMANDE (IDCOMMANDE,IDARTICLE,QUANTITEARTICLE,PRIXARTICLEFIXE,COULEUR)
    VALUES (66,20,7,1,'ROUGE');
    INSERT INTO DETAILCOMMANDE (IDCOMMANDE,IDARTICLE,QUANTITEARTICLE,PRIXARTICLEFIXE,COULEUR)
    VALUES (67,18,4,1,'ROUGE');
    INSERT INTO DETAILCOMMANDE (IDCOMMANDE,IDARTICLE,QUANTITEARTICLE,PRIXARTICLEFIXE,COULEUR)
    VALUES (68,28,9,1,'ROUGE');
    INSERT INTO DETAILCOMMANDE (IDCOMMANDE,IDARTICLE,QUANTITEARTICLE,PRIXARTICLEFIXE,COULEUR)
    VALUES (69,3,6,1,'ROUGE');
    INSERT INTO DETAILCOMMANDE (IDCOMMANDE,IDARTICLE,QUANTITEARTICLE,PRIXARTICLEFIXE,COULEUR)
    VALUES (70,33,9,1,'ROUGE');
    INSERT INTO DETAILCOMMANDE (IDCOMMANDE,IDARTICLE,QUANTITEARTICLE,PRIXARTICLEFIXE,COULEUR)
    VALUES (71,20,8,1,'ROUGE');
    INSERT INTO DETAILCOMMANDE (IDCOMMANDE,IDARTICLE,QUANTITEARTICLE,PRIXARTICLEFIXE,COULEUR)
    VALUES (72,2,3,1,'ROUGE');
    INSERT INTO DETAILCOMMANDE (IDCOMMANDE,IDARTICLE,QUANTITEARTICLE,PRIXARTICLEFIXE,COULEUR)
    VALUES (73,29,10,1,'ROUGE');
    INSERT INTO DETAILCOMMANDE (IDCOMMANDE,IDARTICLE,QUANTITEARTICLE,PRIXARTICLEFIXE,COULEUR)
    VALUES (74,33,4,1,'ROUGE');
    INSERT INTO DETAILCOMMANDE (IDCOMMANDE,IDARTICLE,QUANTITEARTICLE,PRIXARTICLEFIXE,COULEUR)
    VALUES (75,15,2,1,'ROUGE');
    INSERT INTO DETAILCOMMANDE (IDCOMMANDE,IDARTICLE,QUANTITEARTICLE,PRIXARTICLEFIXE,COULEUR)
    VALUES (76,33,9,1,'ROUGE');
    INSERT INTO DETAILCOMMANDE (IDCOMMANDE,IDARTICLE,QUANTITEARTICLE,PRIXARTICLEFIXE,COULEUR)
    VALUES (77,7,10,1,'ROUGE');
    INSERT INTO DETAILCOMMANDE (IDCOMMANDE,IDARTICLE,QUANTITEARTICLE,PRIXARTICLEFIXE,COULEUR)
    VALUES (78,9,7,1,'ROUGE');
    INSERT INTO DETAILCOMMANDE (IDCOMMANDE,IDARTICLE,QUANTITEARTICLE,PRIXARTICLEFIXE,COULEUR)
    VALUES (79,26,4,1,'ROUGE');
    INSERT INTO DETAILCOMMANDE (IDCOMMANDE,IDARTICLE,QUANTITEARTICLE,PRIXARTICLEFIXE,COULEUR)
    VALUES (80,38,2,1,'ROUGE');
    INSERT INTO DETAILCOMMANDE (IDCOMMANDE,IDARTICLE,QUANTITEARTICLE,PRIXARTICLEFIXE,COULEUR)
    VALUES (81,4,6,1,'ROUGE');
    INSERT INTO DETAILCOMMANDE (IDCOMMANDE,IDARTICLE,QUANTITEARTICLE,PRIXARTICLEFIXE,COULEUR)
    VALUES (82,5,3,1,'ROUGE');
    INSERT INTO DETAILCOMMANDE (IDCOMMANDE,IDARTICLE,QUANTITEARTICLE,PRIXARTICLEFIXE,COULEUR)
    VALUES (83,15,3,1,'ROUGE');
    INSERT INTO DETAILCOMMANDE (IDCOMMANDE,IDARTICLE,QUANTITEARTICLE,PRIXARTICLEFIXE,COULEUR)
    VALUES (84,26,10,1,'ROUGE');
    INSERT INTO DETAILCOMMANDE (IDCOMMANDE,IDARTICLE,QUANTITEARTICLE,PRIXARTICLEFIXE,COULEUR)
    VALUES (85,16,9,1,'ROUGE');
    INSERT INTO DETAILCOMMANDE (IDCOMMANDE,IDARTICLE,QUANTITEARTICLE,PRIXARTICLEFIXE,COULEUR)
    VALUES (86,30,9,1,'ROUGE');
    INSERT INTO DETAILCOMMANDE (IDCOMMANDE,IDARTICLE,QUANTITEARTICLE,PRIXARTICLEFIXE,COULEUR)
    VALUES (87,39,9,1,'ROUGE');
    INSERT INTO DETAILCOMMANDE (IDCOMMANDE,IDARTICLE,QUANTITEARTICLE,PRIXARTICLEFIXE,COULEUR)
    VALUES (88,29,8,1,'ROUGE');
    INSERT INTO DETAILCOMMANDE (IDCOMMANDE,IDARTICLE,QUANTITEARTICLE,PRIXARTICLEFIXE,COULEUR)
    VALUES (89,45,6,1,'ROUGE');
    INSERT INTO DETAILCOMMANDE (IDCOMMANDE,IDARTICLE,QUANTITEARTICLE,PRIXARTICLEFIXE,COULEUR)
    VALUES (90,37,9,1,'ROUGE');
    INSERT INTO DETAILCOMMANDE (IDCOMMANDE,IDARTICLE,QUANTITEARTICLE,PRIXARTICLEFIXE,COULEUR)
    VALUES (91,29,4,1,'ROUGE');
    INSERT INTO DETAILCOMMANDE (IDCOMMANDE,IDARTICLE,QUANTITEARTICLE,PRIXARTICLEFIXE,COULEUR)
    VALUES (92,30,5,1,'ROUGE');
    INSERT INTO DETAILCOMMANDE (IDCOMMANDE,IDARTICLE,QUANTITEARTICLE,PRIXARTICLEFIXE,COULEUR)
    VALUES (93,45,3,1,'ROUGE');
    INSERT INTO DETAILCOMMANDE (IDCOMMANDE,IDARTICLE,QUANTITEARTICLE,PRIXARTICLEFIXE,COULEUR)
    VALUES (94,14,6,1,'ROUGE');
    INSERT INTO DETAILCOMMANDE (IDCOMMANDE,IDARTICLE,QUANTITEARTICLE,PRIXARTICLEFIXE,COULEUR)
    VALUES (95,41,8,1,'ROUGE');
    INSERT INTO DETAILCOMMANDE (IDCOMMANDE,IDARTICLE,QUANTITEARTICLE,PRIXARTICLEFIXE,COULEUR)
    VALUES (96,14,5,1,'ROUGE');
    INSERT INTO DETAILCOMMANDE (IDCOMMANDE,IDARTICLE,QUANTITEARTICLE,PRIXARTICLEFIXE,COULEUR)
    VALUES (97,27,8,1,'ROUGE');
    INSERT INTO DETAILCOMMANDE (IDCOMMANDE,IDARTICLE,QUANTITEARTICLE,PRIXARTICLEFIXE,COULEUR)
    VALUES (98,17,4,1,'ROUGE');
    INSERT INTO DETAILCOMMANDE (IDCOMMANDE,IDARTICLE,QUANTITEARTICLE,PRIXARTICLEFIXE,COULEUR)
    VALUES (99,50,7,1,'ROUGE');
    INSERT INTO DETAILCOMMANDE (IDCOMMANDE,IDARTICLE,QUANTITEARTICLE,PRIXARTICLEFIXE,COULEUR)
    VALUES (100,14,3,1,'ROUGE');

    INSERT INTO CARTEBANCAIRE (NUMCB,NUMPAIEMENT,IDACTEUR,NOMCB,DATEEXPIRATION,CRYPTOGRAMME,SUPPORTPAIEMENT)
    VALUES ('5166334654279176',1,40,'Chloe Yates','0223',710,'M');
    INSERT INTO CARTEBANCAIRE (NUMCB,NUMPAIEMENT,IDACTEUR,NOMCB,DATEEXPIRATION,CRYPTOGRAMME,SUPPORTPAIEMENT)
    VALUES ('5365773474585610',2,4,'Graiden Mcconnell','0923',851,'M');
    INSERT INTO CARTEBANCAIRE (NUMCB,NUMPAIEMENT,IDACTEUR,NOMCB,DATEEXPIRATION,CRYPTOGRAMME,SUPPORTPAIEMENT)
    VALUES ('5516468843747243',3,21,'Berk Sheppard','0923',496,'M');
    INSERT INTO CARTEBANCAIRE (NUMCB,NUMPAIEMENT,IDACTEUR,NOMCB,DATEEXPIRATION,CRYPTOGRAMME,SUPPORTPAIEMENT)
    VALUES ('5142674546418436',4,1,'Merritt Keith','0123',912,'M');
    INSERT INTO CARTEBANCAIRE (NUMCB,NUMPAIEMENT,IDACTEUR,NOMCB,DATEEXPIRATION,CRYPTOGRAMME,SUPPORTPAIEMENT)
    VALUES ('5226487659887464',5,40,'Sierra Massey','0523',319,'M');
    INSERT INTO CARTEBANCAIRE (NUMCB,NUMPAIEMENT,IDACTEUR,NOMCB,DATEEXPIRATION,CRYPTOGRAMME,SUPPORTPAIEMENT)
    VALUES ('5544863745673487',6,5,'Yael Bonner','0923',315,'V');
    INSERT INTO CARTEBANCAIRE (NUMCB,NUMPAIEMENT,IDACTEUR,NOMCB,DATEEXPIRATION,CRYPTOGRAMME,SUPPORTPAIEMENT)
    VALUES ('5346128844867236',7,33,'Jada Meadows','0923',213,'V');
    INSERT INTO CARTEBANCAIRE (NUMCB,NUMPAIEMENT,IDACTEUR,NOMCB,DATEEXPIRATION,CRYPTOGRAMME,SUPPORTPAIEMENT)
    VALUES ('5144642521324588',8,25,'Mannix Le','0423',135,'V');
    INSERT INTO CARTEBANCAIRE (NUMCB,NUMPAIEMENT,IDACTEUR,NOMCB,DATEEXPIRATION,CRYPTOGRAMME,SUPPORTPAIEMENT)
    VALUES ('5314572284211256',9,4,'Aidan Weiss','1123',501,'V');
    INSERT INTO CARTEBANCAIRE (NUMCB,NUMPAIEMENT,IDACTEUR,NOMCB,DATEEXPIRATION,CRYPTOGRAMME,SUPPORTPAIEMENT)
    VALUES ('5226625556773648',10,33,'Cody Lott','1123',307,'V');

    INSERT INTO AVIS (IDACTEUR,IDARTICLE,AVIS,NOTE)
    VALUES (1,1,'avis avec retour à la ligne juste -><- ici, voilà (non fonctionnel)',3);
    INSERT INTO AVIS (IDACTEUR,IDARTICLE,AVIS,NOTE)
    VALUES (2,1,'avis faisant fois de l''affichage de plusieurs avis simultanés',3);
    INSERT INTO AVIS (IDACTEUR,IDARTICLE,AVIS,NOTE)
    VALUES (2,2,'id, erat. Etiam vestibulum massa rutrum magna. Cras convallis',1);
    INSERT INTO AVIS (IDACTEUR,IDARTICLE,AVIS,NOTE)
    VALUES (3,3,'quis massa. Mauris vestibulum, neque sed dictum eleifend,',3);
    INSERT INTO AVIS (IDACTEUR,IDARTICLE,AVIS,NOTE)
    VALUES (4,4,'Sed congue, elit sed',3);
    INSERT INTO AVIS (IDACTEUR,IDARTICLE,AVIS,NOTE)
    VALUES (5,5,'Fusce aliquam, enim nec tempus',4);
    INSERT INTO AVIS (IDACTEUR,IDARTICLE,AVIS,NOTE)
    VALUES (6,6,'nibh. Aliquam',1);
    INSERT INTO AVIS (IDACTEUR,IDARTICLE,AVIS,NOTE)
    VALUES (7,7,'libero lacus, varius et, euismod et, commodo',4);
    INSERT INTO AVIS (IDACTEUR,IDARTICLE,AVIS,NOTE)
    VALUES (8,8,'lorem vitae odio sagittis semper.',3);
    INSERT INTO AVIS (IDACTEUR,IDARTICLE,AVIS,NOTE)
    VALUES (9,9,'lacinia mattis. Integer eu lacus. Quisque imperdiet,',4);
    INSERT INTO AVIS (IDACTEUR,IDARTICLE,AVIS,NOTE)
    VALUES (10,10,'rhoncus. Proin nisl sem, consequat',3);
    INSERT INTO AVIS (IDACTEUR,IDARTICLE,AVIS,NOTE)
    VALUES (11,11,'Duis at lacus.',3);
    INSERT INTO AVIS (IDACTEUR,IDARTICLE,AVIS,NOTE)
    VALUES (12,12,'montes, nascetur ridiculus mus. Aenean',2);
    INSERT INTO AVIS (IDACTEUR,IDARTICLE,AVIS,NOTE)
    VALUES (13,13,'at fringilla',4);
    INSERT INTO AVIS (IDACTEUR,IDARTICLE,AVIS,NOTE)
    VALUES (14,14,'ante, iaculis nec, eleifend',2);
    INSERT INTO AVIS (IDACTEUR,IDARTICLE,AVIS,NOTE)
    VALUES (15,15,'magnis dis',2);
    INSERT INTO AVIS (IDACTEUR,IDARTICLE,AVIS,NOTE)
    VALUES (16,16,'purus gravida sagittis. Duis gravida.',2);
    INSERT INTO AVIS (IDACTEUR,IDARTICLE,AVIS,NOTE)
    VALUES (17,17,'eget laoreet posuere, enim nisl elementum purus, accumsan interdum',4);
    INSERT INTO AVIS (IDACTEUR,IDARTICLE,AVIS,NOTE)
    VALUES (18,18,'Suspendisse non leo. Vivamus nibh dolor, nonummy',2);
    INSERT INTO AVIS (IDACTEUR,IDARTICLE,AVIS,NOTE)
    VALUES (19,19,'nec ante blandit viverra. Donec tempus, lorem',4);
    INSERT INTO AVIS (IDACTEUR,IDARTICLE,AVIS,NOTE)
    VALUES (20,20,'elit, pharetra',2);
    INSERT INTO AVIS (IDACTEUR,IDARTICLE,AVIS,NOTE)
    VALUES (21,21,'in aliquet lobortis, nisi nibh lacinia orci, consectetuer euismod',1);
    INSERT INTO AVIS (IDACTEUR,IDARTICLE,AVIS,NOTE)
    VALUES (22,22,'dapibus gravida. Aliquam tincidunt, nunc ac mattis ornare,',5);
    INSERT INTO AVIS (IDACTEUR,IDARTICLE,AVIS,NOTE)
    VALUES (23,23,'dolor. Fusce',2);
    INSERT INTO AVIS (IDACTEUR,IDARTICLE,AVIS,NOTE)
    VALUES (24,24,'eget odio. Aliquam vulputate ullamcorper magna.',2);
    INSERT INTO AVIS (IDACTEUR,IDARTICLE,AVIS,NOTE)
    VALUES (25,25,'ad litora torquent per conubia nostra, per',5);
    INSERT INTO AVIS (IDACTEUR,IDARTICLE,AVIS,NOTE)
    VALUES (26,26,'Proin ultrices. Duis volutpat nunc',1);
    INSERT INTO AVIS (IDACTEUR,IDARTICLE,AVIS,NOTE)
    VALUES (27,27,'velit egestas',2);
    INSERT INTO AVIS (IDACTEUR,IDARTICLE,AVIS,NOTE)
    VALUES (28,28,'lacinia at, iaculis quis, pede. Praesent',4);
    INSERT INTO AVIS (IDACTEUR,IDARTICLE,AVIS,NOTE)
    VALUES (29,29,'Lorem ipsum dolor sit',2);
    INSERT INTO AVIS (IDACTEUR,IDARTICLE,AVIS,NOTE)
    VALUES (30,30,'massa lobortis ultrices. Vivamus rhoncus. Donec',2);
    INSERT INTO AVIS (IDACTEUR,IDARTICLE,AVIS,NOTE)
    VALUES (31,31,'mollis vitae, posuere at, velit. Cras lorem lorem, luctus',2);
    INSERT INTO AVIS (IDACTEUR,IDARTICLE,AVIS,NOTE)
    VALUES (32,32,'leo, in lobortis tellus justo sit',4);
    INSERT INTO AVIS (IDACTEUR,IDARTICLE,AVIS,NOTE)
    VALUES (33,33,'Duis risus odio, auctor',4);
    INSERT INTO AVIS (IDACTEUR,IDARTICLE,AVIS,NOTE)
    VALUES (34,34,'gravida. Aliquam tincidunt, nunc',3);
    INSERT INTO AVIS (IDACTEUR,IDARTICLE,AVIS,NOTE)
    VALUES (35,35,'velit eget laoreet posuere, enim',2);
    INSERT INTO AVIS (IDACTEUR,IDARTICLE,AVIS,NOTE)
    VALUES (36,36,'dignissim pharetra. Nam ac nulla.',3);
    INSERT INTO AVIS (IDACTEUR,IDARTICLE,AVIS,NOTE)
    VALUES (37,37,'ac urna. Ut tincidunt vehicula risus.',5);
    INSERT INTO AVIS (IDACTEUR,IDARTICLE,AVIS,NOTE)
    VALUES (38,38,'lectus rutrum urna, nec luctus',4);
    INSERT INTO AVIS (IDACTEUR,IDARTICLE,AVIS,NOTE)
    VALUES (39,39,'Quisque ac libero nec',2);
    INSERT INTO AVIS (IDACTEUR,IDARTICLE,AVIS,NOTE)
    VALUES (40,40,'Curabitur egestas nunc sed libero. Proin sed',2);
    INSERT INTO AVIS (IDACTEUR,IDARTICLE,AVIS,NOTE)
    VALUES (41,41,'odio',3);
    INSERT INTO AVIS (IDACTEUR,IDARTICLE,AVIS,NOTE)
    VALUES (42,42,'vehicula aliquet libero. Integer',4);
    INSERT INTO AVIS (IDACTEUR,IDARTICLE,AVIS,NOTE)
    VALUES (43,43,'cubilia Curae Phasellus ornare. Fusce mollis. Duis sit amet diam',5);
    INSERT INTO AVIS (IDACTEUR,IDARTICLE,AVIS,NOTE)
    VALUES (44,44,'faucibus id,',2);
    INSERT INTO AVIS (IDACTEUR,IDARTICLE,AVIS,NOTE)
    VALUES (45,45,'Nunc mauris. Morbi non',3);
    INSERT INTO AVIS (IDACTEUR,IDARTICLE,AVIS,NOTE)
    VALUES (46,46,'consectetuer adipiscing elit. Etiam laoreet, libero et',1);
    INSERT INTO AVIS (IDACTEUR,IDARTICLE,AVIS,NOTE)
    VALUES (47,47,'Cras vehicula aliquet libero. Integer in',4);
    INSERT INTO AVIS (IDACTEUR,IDARTICLE,AVIS,NOTE)
    VALUES (48,48,'tincidunt nibh. Phasellus nulla. Integer vulputate, risus a ultricies',1);
    INSERT INTO AVIS (IDACTEUR,IDARTICLE,AVIS,NOTE)
    VALUES (49,49,'viverra. Donec tempus, lorem fringilla ornare',4);
    INSERT INTO AVIS (IDACTEUR,IDARTICLE,AVIS,NOTE)
    VALUES (50,50,'eu, ligula.',5);

    INSERT INTO CRYPTOMONNAIE (NUMREF,NUMPAIEMENT,SUPPORTPAIEMENT)
    VALUES (1,11,'B');
    INSERT INTO CRYPTOMONNAIE (NUMREF,NUMPAIEMENT,SUPPORTPAIEMENT)
    VALUES (2,12,'E');
    INSERT INTO CRYPTOMONNAIE (NUMREF,NUMPAIEMENT,SUPPORTPAIEMENT)
    VALUES (3,13,'B');
    INSERT INTO CRYPTOMONNAIE (NUMREF,NUMPAIEMENT,SUPPORTPAIEMENT)
    VALUES (4,14,'B');
    INSERT INTO CRYPTOMONNAIE (NUMREF,NUMPAIEMENT,SUPPORTPAIEMENT)
    VALUES (5,15,'B');
    INSERT INTO CRYPTOMONNAIE (NUMREF,NUMPAIEMENT,SUPPORTPAIEMENT)
    VALUES (6,16,'E');
    INSERT INTO CRYPTOMONNAIE (NUMREF,NUMPAIEMENT,SUPPORTPAIEMENT)
    VALUES (7,17,'E');
    INSERT INTO CRYPTOMONNAIE (NUMREF,NUMPAIEMENT,SUPPORTPAIEMENT)
    VALUES (8,18,'E');
    INSERT INTO CRYPTOMONNAIE (NUMREF,NUMPAIEMENT,SUPPORTPAIEMENT)
    VALUES (9,19,'B');
    INSERT INTO CRYPTOMONNAIE (NUMREF,NUMPAIEMENT,SUPPORTPAIEMENT)
    VALUES (10,20,'E');

    INSERT INTO COULEUR (IDARTICLE,COULEUR)
    VALUES (1,'ROUGE');
    INSERT INTO COULEUR (IDARTICLE,COULEUR)
    VALUES (2,'ROUGE');
    INSERT INTO COULEUR (IDARTICLE,COULEUR)
    VALUES (3,'ROUGE');
    INSERT INTO COULEUR (IDARTICLE,COULEUR)
    VALUES (4,'ROUGE');
    INSERT INTO COULEUR (IDARTICLE,COULEUR)
    VALUES (5,'ROUGE');
    INSERT INTO COULEUR (IDARTICLE,COULEUR)
    VALUES (6,'ROUGE');
    INSERT INTO COULEUR (IDARTICLE,COULEUR)
    VALUES (7,'ROUGE');
    INSERT INTO COULEUR (IDARTICLE,COULEUR)
    VALUES (8,'ROUGE');
    INSERT INTO COULEUR (IDARTICLE,COULEUR)
    VALUES (9,'ROUGE');
    INSERT INTO COULEUR (IDARTICLE,COULEUR)
    VALUES (10,'ROUGE');
    INSERT INTO COULEUR (IDARTICLE,COULEUR)
    VALUES (11,'ROUGE');
    INSERT INTO COULEUR (IDARTICLE,COULEUR)
    VALUES (12,'ROUGE');
    INSERT INTO COULEUR (IDARTICLE,COULEUR)
    VALUES (13,'ROUGE');
    INSERT INTO COULEUR (IDARTICLE,COULEUR)
    VALUES (14,'ROUGE');
    INSERT INTO COULEUR (IDARTICLE,COULEUR)
    VALUES (15,'ROUGE');
    INSERT INTO COULEUR (IDARTICLE,COULEUR)
    VALUES (16,'ROUGE');
    INSERT INTO COULEUR (IDARTICLE,COULEUR)
    VALUES (17,'ROUGE');
    INSERT INTO COULEUR (IDARTICLE,COULEUR)
    VALUES (18,'ROUGE');
    INSERT INTO COULEUR (IDARTICLE,COULEUR)
    VALUES (19,'ROUGE');
    INSERT INTO COULEUR (IDARTICLE,COULEUR)
    VALUES (20,'ROUGE');
    INSERT INTO COULEUR (IDARTICLE,COULEUR)
    VALUES (21,'ROUGE');
    INSERT INTO COULEUR (IDARTICLE,COULEUR)
    VALUES (22,'ROUGE');
    INSERT INTO COULEUR (IDARTICLE,COULEUR)
    VALUES (23,'ROUGE');
    INSERT INTO COULEUR (IDARTICLE,COULEUR)
    VALUES (24,'ROUGE');
    INSERT INTO COULEUR (IDARTICLE,COULEUR)
    VALUES (25,'ROUGE');
    INSERT INTO COULEUR (IDARTICLE,COULEUR)
    VALUES (26,'ROUGE');
    INSERT INTO COULEUR (IDARTICLE,COULEUR)
    VALUES (27,'ROUGE');
    INSERT INTO COULEUR (IDARTICLE,COULEUR)
    VALUES (28,'ROUGE');
    INSERT INTO COULEUR (IDARTICLE,COULEUR)
    VALUES (29,'ROUGE');
    INSERT INTO COULEUR (IDARTICLE,COULEUR)
    VALUES (30,'ROUGE');
    INSERT INTO COULEUR (IDARTICLE,COULEUR)
    VALUES (31,'ROUGE');
    INSERT INTO COULEUR (IDARTICLE,COULEUR)
    VALUES (32,'ROUGE');
    INSERT INTO COULEUR (IDARTICLE,COULEUR)
    VALUES (33,'ROUGE');
    INSERT INTO COULEUR (IDARTICLE,COULEUR)
    VALUES (34,'ROUGE');
    INSERT INTO COULEUR (IDARTICLE,COULEUR)
    VALUES (35,'ROUGE');
    INSERT INTO COULEUR (IDARTICLE,COULEUR)
    VALUES (36,'ROUGE');
    INSERT INTO COULEUR (IDARTICLE,COULEUR)
    VALUES (37,'ROUGE');
    INSERT INTO COULEUR (IDARTICLE,COULEUR)
    VALUES (38,'ROUGE');
    INSERT INTO COULEUR (IDARTICLE,COULEUR)
    VALUES (39,'ROUGE');
    INSERT INTO COULEUR (IDARTICLE,COULEUR)
    VALUES (40,'ROUGE');
    INSERT INTO COULEUR (IDARTICLE,COULEUR)
    VALUES (41,'ROUGE');
    INSERT INTO COULEUR (IDARTICLE,COULEUR)
    VALUES (42,'ROUGE');
    INSERT INTO COULEUR (IDARTICLE,COULEUR)
    VALUES (43,'ROUGE');
    INSERT INTO COULEUR (IDARTICLE,COULEUR)
    VALUES (44,'ROUGE');
    INSERT INTO COULEUR (IDARTICLE,COULEUR)
    VALUES (45,'ROUGE');
    INSERT INTO COULEUR (IDARTICLE,COULEUR)
    VALUES (46,'ROUGE');
    INSERT INTO COULEUR (IDARTICLE,COULEUR)
    VALUES (47,'ROUGE');
    INSERT INTO COULEUR (IDARTICLE,COULEUR)
    VALUES (48,'ROUGE');
    INSERT INTO COULEUR (IDARTICLE,COULEUR)
    VALUES (49,'ROUGE');
    INSERT INTO COULEUR (IDARTICLE,COULEUR)
    VALUES (50,'ROUGE');

    INSERT INTO COULEUR (IDARTICLE,COULEUR)
    VALUES (1,'BLEU');
    INSERT INTO COULEUR (IDARTICLE,COULEUR)
    VALUES (2,'BLEU');
    INSERT INTO COULEUR (IDARTICLE,COULEUR)
    VALUES (3,'BLEU');
    INSERT INTO COULEUR (IDARTICLE,COULEUR)
    VALUES (4,'BLEU');
    INSERT INTO COULEUR (IDARTICLE,COULEUR)
    VALUES (5,'BLEU');
    INSERT INTO COULEUR (IDARTICLE,COULEUR)
    VALUES (6,'BLEU');
    INSERT INTO COULEUR (IDARTICLE,COULEUR)
    VALUES (7,'BLEU');
    INSERT INTO COULEUR (IDARTICLE,COULEUR)
    VALUES (8,'BLEU');
    INSERT INTO COULEUR (IDARTICLE,COULEUR)
    VALUES (9,'BLEU');
    INSERT INTO COULEUR (IDARTICLE,COULEUR)
    VALUES (10,'BLEU');
    INSERT INTO COULEUR (IDARTICLE,COULEUR)
    VALUES (11,'BLEU');
    INSERT INTO COULEUR (IDARTICLE,COULEUR)
    VALUES (12,'BLEU');
    INSERT INTO COULEUR (IDARTICLE,COULEUR)
    VALUES (13,'BLEU');
    INSERT INTO COULEUR (IDARTICLE,COULEUR)
    VALUES (14,'BLEU');
    INSERT INTO COULEUR (IDARTICLE,COULEUR)
    VALUES (15,'BLEU');
    INSERT INTO COULEUR (IDARTICLE,COULEUR)
    VALUES (16,'BLEU');
    INSERT INTO COULEUR (IDARTICLE,COULEUR)
    VALUES (17,'BLEU');
    INSERT INTO COULEUR (IDARTICLE,COULEUR)
    VALUES (18,'BLEU');
    INSERT INTO COULEUR (IDARTICLE,COULEUR)
    VALUES (19,'BLEU');
    INSERT INTO COULEUR (IDARTICLE,COULEUR)
    VALUES (20,'BLEU');
    INSERT INTO COULEUR (IDARTICLE,COULEUR)
    VALUES (21,'BLEU');
    INSERT INTO COULEUR (IDARTICLE,COULEUR)
    VALUES (22,'BLEU');
    INSERT INTO COULEUR (IDARTICLE,COULEUR)
    VALUES (23,'BLEU');
    INSERT INTO COULEUR (IDARTICLE,COULEUR)
    VALUES (24,'BLEU');
    INSERT INTO COULEUR (IDARTICLE,COULEUR)
    VALUES (25,'BLEU');
    INSERT INTO COULEUR (IDARTICLE,COULEUR)
    VALUES (26,'BLEU');
    INSERT INTO COULEUR (IDARTICLE,COULEUR)
    VALUES (27,'BLEU');
    INSERT INTO COULEUR (IDARTICLE,COULEUR)
    VALUES (28,'BLEU');
    INSERT INTO COULEUR (IDARTICLE,COULEUR)
    VALUES (29,'BLEU');
    INSERT INTO COULEUR (IDARTICLE,COULEUR)
    VALUES (30,'BLEU');
    INSERT INTO COULEUR (IDARTICLE,COULEUR)
    VALUES (31,'BLEU');
    INSERT INTO COULEUR (IDARTICLE,COULEUR)
    VALUES (32,'BLEU');
    INSERT INTO COULEUR (IDARTICLE,COULEUR)
    VALUES (33,'BLEU');
    INSERT INTO COULEUR (IDARTICLE,COULEUR)
    VALUES (34,'BLEU');
    INSERT INTO COULEUR (IDARTICLE,COULEUR)
    VALUES (35,'BLEU');
    INSERT INTO COULEUR (IDARTICLE,COULEUR)
    VALUES (36,'BLEU');
    INSERT INTO COULEUR (IDARTICLE,COULEUR)
    VALUES (37,'BLEU');
    INSERT INTO COULEUR (IDARTICLE,COULEUR)
    VALUES (38,'BLEU');
    INSERT INTO COULEUR (IDARTICLE,COULEUR)
    VALUES (39,'BLEU');
    INSERT INTO COULEUR (IDARTICLE,COULEUR)
    VALUES (40,'BLEU');
    INSERT INTO COULEUR (IDARTICLE,COULEUR)
    VALUES (41,'BLEU');
    INSERT INTO COULEUR (IDARTICLE,COULEUR)
    VALUES (42,'BLEU');
    INSERT INTO COULEUR (IDARTICLE,COULEUR)
    VALUES (43,'BLEU');
    INSERT INTO COULEUR (IDARTICLE,COULEUR)
    VALUES (44,'BLEU');
    INSERT INTO COULEUR (IDARTICLE,COULEUR)
    VALUES (45,'BLEU');
    INSERT INTO COULEUR (IDARTICLE,COULEUR)
    VALUES (46,'BLEU');
    INSERT INTO COULEUR (IDARTICLE,COULEUR)
    VALUES (47,'BLEU');
    INSERT INTO COULEUR (IDARTICLE,COULEUR)
    VALUES (48,'BLEU');
    INSERT INTO COULEUR (IDARTICLE,COULEUR)
    VALUES (49,'BLEU');
    INSERT INTO COULEUR (IDARTICLE,COULEUR)
    VALUES (50,'BLEU');

    INSERT INTO COULEUR (IDARTICLE,COULEUR)
    VALUES (1,'JAUNE');
    INSERT INTO COULEUR (IDARTICLE,COULEUR)
    VALUES (2,'JAUNE');
    INSERT INTO COULEUR (IDARTICLE,COULEUR)
    VALUES (3,'JAUNE');
    INSERT INTO COULEUR (IDARTICLE,COULEUR)
    VALUES (4,'JAUNE');
    INSERT INTO COULEUR (IDARTICLE,COULEUR)
    VALUES (5,'JAUNE');
    INSERT INTO COULEUR (IDARTICLE,COULEUR)
    VALUES (6,'JAUNE');
    INSERT INTO COULEUR (IDARTICLE,COULEUR)
    VALUES (7,'JAUNE');
    INSERT INTO COULEUR (IDARTICLE,COULEUR)
    VALUES (8,'JAUNE');
    INSERT INTO COULEUR (IDARTICLE,COULEUR)
    VALUES (9,'JAUNE');
    INSERT INTO COULEUR (IDARTICLE,COULEUR)
    VALUES (10,'JAUNE');
    INSERT INTO COULEUR (IDARTICLE,COULEUR)
    VALUES (11,'JAUNE');
    INSERT INTO COULEUR (IDARTICLE,COULEUR)
    VALUES (12,'JAUNE');
    INSERT INTO COULEUR (IDARTICLE,COULEUR)
    VALUES (13,'JAUNE');
    INSERT INTO COULEUR (IDARTICLE,COULEUR)
    VALUES (14,'JAUNE');
    INSERT INTO COULEUR (IDARTICLE,COULEUR)
    VALUES (15,'JAUNE');
    INSERT INTO COULEUR (IDARTICLE,COULEUR)
    VALUES (16,'JAUNE');
    INSERT INTO COULEUR (IDARTICLE,COULEUR)
    VALUES (17,'JAUNE');
    INSERT INTO COULEUR (IDARTICLE,COULEUR)
    VALUES (18,'JAUNE');
    INSERT INTO COULEUR (IDARTICLE,COULEUR)
    VALUES (19,'JAUNE');
    INSERT INTO COULEUR (IDARTICLE,COULEUR)
    VALUES (20,'JAUNE');
    INSERT INTO COULEUR (IDARTICLE,COULEUR)
    VALUES (21,'JAUNE');
    INSERT INTO COULEUR (IDARTICLE,COULEUR)
    VALUES (22,'JAUNE');
    INSERT INTO COULEUR (IDARTICLE,COULEUR)
    VALUES (23,'JAUNE');
    INSERT INTO COULEUR (IDARTICLE,COULEUR)
    VALUES (24,'JAUNE');
    INSERT INTO COULEUR (IDARTICLE,COULEUR)
    VALUES (25,'JAUNE');
    INSERT INTO COULEUR (IDARTICLE,COULEUR)
    VALUES (26,'JAUNE');
    INSERT INTO COULEUR (IDARTICLE,COULEUR)
    VALUES (27,'JAUNE');
    INSERT INTO COULEUR (IDARTICLE,COULEUR)
    VALUES (28,'JAUNE');
    INSERT INTO COULEUR (IDARTICLE,COULEUR)
    VALUES (29,'JAUNE');
    INSERT INTO COULEUR (IDARTICLE,COULEUR)
    VALUES (30,'JAUNE');
    INSERT INTO COULEUR (IDARTICLE,COULEUR)
    VALUES (31,'JAUNE');
    INSERT INTO COULEUR (IDARTICLE,COULEUR)
    VALUES (32,'JAUNE');
    INSERT INTO COULEUR (IDARTICLE,COULEUR)
    VALUES (33,'JAUNE');
    INSERT INTO COULEUR (IDARTICLE,COULEUR)
    VALUES (34,'JAUNE');
    INSERT INTO COULEUR (IDARTICLE,COULEUR)
    VALUES (35,'JAUNE');
    INSERT INTO COULEUR (IDARTICLE,COULEUR)
    VALUES (36,'JAUNE');
    INSERT INTO COULEUR (IDARTICLE,COULEUR)
    VALUES (37,'JAUNE');
    INSERT INTO COULEUR (IDARTICLE,COULEUR)
    VALUES (38,'JAUNE');
    INSERT INTO COULEUR (IDARTICLE,COULEUR)
    VALUES (39,'JAUNE');
    INSERT INTO COULEUR (IDARTICLE,COULEUR)
    VALUES (40,'JAUNE');
    INSERT INTO COULEUR (IDARTICLE,COULEUR)
    VALUES (41,'JAUNE');
    INSERT INTO COULEUR (IDARTICLE,COULEUR)
    VALUES (42,'JAUNE');
    INSERT INTO COULEUR (IDARTICLE,COULEUR)
    VALUES (43,'JAUNE');
    INSERT INTO COULEUR (IDARTICLE,COULEUR)
    VALUES (44,'JAUNE');
    INSERT INTO COULEUR (IDARTICLE,COULEUR)
    VALUES (45,'JAUNE');
    INSERT INTO COULEUR (IDARTICLE,COULEUR)
    VALUES (46,'JAUNE');
    INSERT INTO COULEUR (IDARTICLE,COULEUR)
    VALUES (47,'JAUNE');
    INSERT INTO COULEUR (IDARTICLE,COULEUR)
    VALUES (48,'JAUNE');
    INSERT INTO COULEUR (IDARTICLE,COULEUR)
    VALUES (49,'JAUNE');
    INSERT INTO COULEUR (IDARTICLE,COULEUR)
    VALUES (50,'JAUNE');

    INSERT INTO COULEUR (IDARTICLE,COULEUR)
    VALUES (1,'NOIR');
    INSERT INTO COULEUR (IDARTICLE,COULEUR)
    VALUES (2,'NOIR');
    INSERT INTO COULEUR (IDARTICLE,COULEUR)
    VALUES (3,'NOIR');
    INSERT INTO COULEUR (IDARTICLE,COULEUR)
    VALUES (4,'NOIR');
    INSERT INTO COULEUR (IDARTICLE,COULEUR)
    VALUES (5,'NOIR');
    INSERT INTO COULEUR (IDARTICLE,COULEUR)
    VALUES (6,'NOIR');
    INSERT INTO COULEUR (IDARTICLE,COULEUR)
    VALUES (7,'NOIR');
    INSERT INTO COULEUR (IDARTICLE,COULEUR)
    VALUES (8,'NOIR');
    INSERT INTO COULEUR (IDARTICLE,COULEUR)
    VALUES (9,'NOIR');
    INSERT INTO COULEUR (IDARTICLE,COULEUR)
    VALUES (10,'NOIR');
    INSERT INTO COULEUR (IDARTICLE,COULEUR)
    VALUES (11,'NOIR');
    INSERT INTO COULEUR (IDARTICLE,COULEUR)
    VALUES (12,'NOIR');
    INSERT INTO COULEUR (IDARTICLE,COULEUR)
    VALUES (13,'NOIR');
    INSERT INTO COULEUR (IDARTICLE,COULEUR)
    VALUES (14,'NOIR');
    INSERT INTO COULEUR (IDARTICLE,COULEUR)
    VALUES (15,'NOIR');
    INSERT INTO COULEUR (IDARTICLE,COULEUR)
    VALUES (16,'NOIR');
    INSERT INTO COULEUR (IDARTICLE,COULEUR)
    VALUES (17,'NOIR');
    INSERT INTO COULEUR (IDARTICLE,COULEUR)
    VALUES (18,'NOIR');
    INSERT INTO COULEUR (IDARTICLE,COULEUR)
    VALUES (19,'NOIR');
    INSERT INTO COULEUR (IDARTICLE,COULEUR)
    VALUES (20,'NOIR');
    INSERT INTO COULEUR (IDARTICLE,COULEUR)
    VALUES (21,'NOIR');
    INSERT INTO COULEUR (IDARTICLE,COULEUR)
    VALUES (22,'NOIR');
    INSERT INTO COULEUR (IDARTICLE,COULEUR)
    VALUES (23,'NOIR');
    INSERT INTO COULEUR (IDARTICLE,COULEUR)
    VALUES (24,'NOIR');
    INSERT INTO COULEUR (IDARTICLE,COULEUR)
    VALUES (25,'NOIR');

    INSERT INTO COULEUR (IDARTICLE,COULEUR)
    VALUES (26,'BLANC');
    INSERT INTO COULEUR (IDARTICLE,COULEUR)
    VALUES (27,'BLANC');
    INSERT INTO COULEUR (IDARTICLE,COULEUR)
    VALUES (28,'BLANC');
    INSERT INTO COULEUR (IDARTICLE,COULEUR)
    VALUES (29,'BLANC');
    INSERT INTO COULEUR (IDARTICLE,COULEUR)
    VALUES (30,'BLANC');
    INSERT INTO COULEUR (IDARTICLE,COULEUR)
    VALUES (31,'BLANC');
    INSERT INTO COULEUR (IDARTICLE,COULEUR)
    VALUES (32,'BLANC');
    INSERT INTO COULEUR (IDARTICLE,COULEUR)
    VALUES (33,'BLANC');
    INSERT INTO COULEUR (IDARTICLE,COULEUR)
    VALUES (34,'BLANC');
    INSERT INTO COULEUR (IDARTICLE,COULEUR)
    VALUES (35,'BLANC');
    INSERT INTO COULEUR (IDARTICLE,COULEUR)
    VALUES (36,'BLANC');
    INSERT INTO COULEUR (IDARTICLE,COULEUR)
    VALUES (37,'BLANC');
    INSERT INTO COULEUR (IDARTICLE,COULEUR)
    VALUES (38,'BLANC');
    INSERT INTO COULEUR (IDARTICLE,COULEUR)
    VALUES (39,'BLANC');
    INSERT INTO COULEUR (IDARTICLE,COULEUR)
    VALUES (40,'BLANC');
    INSERT INTO COULEUR (IDARTICLE,COULEUR)
    VALUES (41,'BLANC');
    INSERT INTO COULEUR (IDARTICLE,COULEUR)
    VALUES (42,'BLANC');
    INSERT INTO COULEUR (IDARTICLE,COULEUR)
    VALUES (43,'BLANC');
    INSERT INTO COULEUR (IDARTICLE,COULEUR)
    VALUES (44,'BLANC');
    INSERT INTO COULEUR (IDARTICLE,COULEUR)
    VALUES (45,'BLANC');
    INSERT INTO COULEUR (IDARTICLE,COULEUR)
    VALUES (46,'BLANC');
    INSERT INTO COULEUR (IDARTICLE,COULEUR)
    VALUES (47,'BLANC');
    INSERT INTO COULEUR (IDARTICLE,COULEUR)
    VALUES (48,'BLANC');
    INSERT INTO COULEUR (IDARTICLE,COULEUR)
    VALUES (49,'BLANC');
    INSERT INTO COULEUR (IDARTICLE,COULEUR)
    VALUES (50,'BLANC');

    INSERT INTO COULEUR (IDARTICLE,COULEUR)
    VALUES (1,'GRIS');
    INSERT INTO COULEUR (IDARTICLE,COULEUR)
    VALUES (2,'ROSE');
    INSERT INTO COULEUR (IDARTICLE,COULEUR)
    VALUES (3,'ORANGE');
    INSERT INTO COULEUR (IDARTICLE,COULEUR)
    VALUES (4,'VIOLET');
    INSERT INTO COULEUR (IDARTICLE,COULEUR)
    VALUES (5,'ROSE');
    INSERT INTO COULEUR (IDARTICLE,COULEUR)
    VALUES (6,'MARRON');
    INSERT INTO COULEUR (IDARTICLE,COULEUR)
    VALUES (7,'GRIS');
    INSERT INTO COULEUR (IDARTICLE,COULEUR)
    VALUES (8,'ROSE');
    INSERT INTO COULEUR (IDARTICLE,COULEUR)
    VALUES (9,'MARRON');
    INSERT INTO COULEUR (IDARTICLE,COULEUR)
    VALUES (10,'VIOLET');
    INSERT INTO COULEUR (IDARTICLE,COULEUR)
    VALUES (11,'ROSE');
    INSERT INTO COULEUR (IDARTICLE,COULEUR)
    VALUES (12,'MARRON');
    INSERT INTO COULEUR (IDARTICLE,COULEUR)
    VALUES (13,'VIOLET');
    INSERT INTO COULEUR (IDARTICLE,COULEUR)
    VALUES (14,'ORANGE');
    INSERT INTO COULEUR (IDARTICLE,COULEUR)
    VALUES (15,'MARRON');
    INSERT INTO COULEUR (IDARTICLE,COULEUR)
    VALUES (16,'ROSE');
    INSERT INTO COULEUR (IDARTICLE,COULEUR)
    VALUES (17,'MARRON');
    INSERT INTO COULEUR (IDARTICLE,COULEUR)
    VALUES (18,'ORANGE');
    INSERT INTO COULEUR (IDARTICLE,COULEUR)
    VALUES (19,'VERT');
    INSERT INTO COULEUR (IDARTICLE,COULEUR)
    VALUES (20,'GRIS');
    INSERT INTO COULEUR (IDARTICLE,COULEUR)
    VALUES (21,'ORANGE');
    INSERT INTO COULEUR (IDARTICLE,COULEUR)
    VALUES (22,'VERT');
    INSERT INTO COULEUR (IDARTICLE,COULEUR)
    VALUES (23,'GRIS');
    INSERT INTO COULEUR (IDARTICLE,COULEUR)
    VALUES (24,'ROSE');
    INSERT INTO COULEUR (IDARTICLE,COULEUR)
    VALUES (25,'VERT');
    INSERT INTO COULEUR (IDARTICLE,COULEUR)
    VALUES (26,'GRIS');
    INSERT INTO COULEUR (IDARTICLE,COULEUR)
    VALUES (27,'VERT');
    INSERT INTO COULEUR (IDARTICLE,COULEUR)
    VALUES (28,'MARRON');
    INSERT INTO COULEUR (IDARTICLE,COULEUR)
    VALUES (29,'GRIS');
    INSERT INTO COULEUR (IDARTICLE,COULEUR)
    VALUES (30,'ROSE');
    INSERT INTO COULEUR (IDARTICLE,COULEUR)
    VALUES (31,'VERT');
    INSERT INTO COULEUR (IDARTICLE,COULEUR)
    VALUES (32,'GRIS');
    INSERT INTO COULEUR (IDARTICLE,COULEUR)
    VALUES (33,'MARRON');
    INSERT INTO COULEUR (IDARTICLE,COULEUR)
    VALUES (34,'MARRON');
    INSERT INTO COULEUR (IDARTICLE,COULEUR)
    VALUES (35,'VERT');
    INSERT INTO COULEUR (IDARTICLE,COULEUR)
    VALUES (36,'VIOLET');
    INSERT INTO COULEUR (IDARTICLE,COULEUR)
    VALUES (37,'GRIS');
    INSERT INTO COULEUR (IDARTICLE,COULEUR)
    VALUES (38,'ROSE');
    INSERT INTO COULEUR (IDARTICLE,COULEUR)
    VALUES (39,'ROSE');
    INSERT INTO COULEUR (IDARTICLE,COULEUR)
    VALUES (40,'VIOLET');
    INSERT INTO COULEUR (IDARTICLE,COULEUR)
    VALUES (41,'VIOLET');
    INSERT INTO COULEUR (IDARTICLE,COULEUR)
    VALUES (42,'MARRON');
    INSERT INTO COULEUR (IDARTICLE,COULEUR)
    VALUES (43,'VIOLET');
    INSERT INTO COULEUR (IDARTICLE,COULEUR)
    VALUES (44,'VIOLET');
    INSERT INTO COULEUR (IDARTICLE,COULEUR)
    VALUES (45,'MARRON');
    INSERT INTO COULEUR (IDARTICLE,COULEUR)
    VALUES (46,'ORANGE');
    INSERT INTO COULEUR (IDARTICLE,COULEUR)
    VALUES (47,'VIOLET');
    INSERT INTO COULEUR (IDARTICLE,COULEUR)
    VALUES (48,'VIOLET');
    INSERT INTO COULEUR (IDARTICLE,COULEUR)
    VALUES (49,'ROSE');
    INSERT INTO COULEUR (IDARTICLE,COULEUR)
    VALUES (50,'ORANGE');